<?xml version="1.0" encoding="UTF-8"?><!-- 我们在项目中经常会使用到日志，所以这里还有配置日志xml -->
<configuration debug="true">
	<appender name="STDOUT" class="ch.qos.logback.core.ConsoleAppender">
		<!-- encoders are by default assigned the type ch.qos.logback.classic.encoder.PatternLayoutEncoder -->
		<encoder>
			<pattern>%d{HH:mm:ss.SSS} [%thread] %-5level %logger{36} - %msg%n</pattern>
		</encoder>
	</appender>

	<root level="debug">
		<appender-ref ref="STDOUT" />
	</root>
</configuration>
