<?xml version="1.0" encoding="UTF-8"?>
<beans xmlns="http://www.springframework.org/schema/beans"
	xmlns:xsi="http://www.w3.org/2001/XMLSchema-instance" xmlns:jpa="http://www.springframework.org/schema/data/jpa"
	xmlns:tx="http://www.springframework.org/schema/tx" xmlns:context="http://www.springframework.org/schema/context"
	xsi:schemaLocation="http://www.springframework.org/schema/beans
http://www.springframework.org/schema/beans/spring-beans.xsd
http://www.springframework.org/schema/data/jpa
http://www.springframework.org/schema/data/jpa/spring-jpa-1.1.xsd
http://www.springframework.org/schema/tx
http://www.springframework.org/schema/tx/spring-tx-4.0.xsd
http://www.springframework.org/schema/context
http://www.springframework.org/schema/context/spring-context-4.0.xsd">

	<context:component-scan base-package="mum.edu.week1ExtraCredit" />

	<!-- <bean id="transactionManager" class="org.springframework.orm.jpa.JpaTransactionManager"> 
		<property name="entityManagerFactory" ref="entityManagerFactory" /> </bean> -->
	<bean id="transactionManager"
		class="org.springframework.orm.hibernate4.HibernateTransactionManager">
		<property name="sessionFactory" ref="sessionFactory"></property>
	</bean>
	<tx:annotation-driven />
	<bean id="dataSource"
		class="org.springframework.jdbc.datasource.DriverManagerDataSource">
		<property name="driverClassName" value="com.mysql.jdbc.Driver" />
		<property name="url"
			value="jdbc:mysql://localhost:3306/Volunteer?createDatabaseIfNotExist=true" />
		<property name="username" value="root" />
		<property name="password" value="root" />
	</bean>

	<bean id="hibernateProperties"
		class="org.springframework.beans.factory.config.PropertiesFactoryBean">
		<property name="properties">
			<props>
				<prop key="hibernate.hbm2ddl.auto">update</prop>
				<prop key="hibernate.dialect">org.hibernate.dialect.MySQL5Dialect</prop>
				<prop key="connection.pool.size">5</prop>
				<prop key="hibernate.show_sql">true</prop>

			</props>
		</property>
	</bean>

	<!-- Hibernate 4 Annotation SessionFactory Bean definition -->
	<bean id="sessionFactory"
		class="org.springframework.orm.hibernate4.LocalSessionFactoryBean">

		<property name="dataSource" ref="dataSource" />
		<property name="hibernateProperties" ref="hibernateProperties" />
		<property name="packagesToScan" value="mum.edu.week1ExtraCredit.domain" />
	</bean>



	<!-- <bean id="entityManagerFactory" class="org.springframework.orm.jpa.LocalContainerEntityManagerFactoryBean"> 
		<property name="dataSource" ref="dataSource"/> <property name="packagesToScan" 
		value="mum.edu.week1ExtraCredit.domain"/> <property name="jpaVendorAdapter"> 
		<bean class="org.springframework.orm.jpa.vendor.HibernateJpaVendorAdapter"/> 
		</property> <property name="jpaProperties"> <props> <prop key="hibernate.hbm2ddl.auto">update</prop> 
		<prop key="hibernate.dialect">org.hibernate.dialect.MySQL5Dialect</prop> 
		<prop key="hibernate.hbm2ddl.import_files">populate.sql</prop> <prop key="hibernate.show_sql">true</prop> 
		</props> </property> </bean> -->
	<context:annotation-config />
	<jpa:repositories base-package="mum.edu.week1ExtraCredit.dao" />
</beans>