<?xml version="1.0" encoding="UTF-8"?>
<!DOCTYPE hibernate-mapping PUBLIC "-//Hibernate/Hibernate Mapping DTD 3.0//EN" "http://hibernate.sourceforge.net/hibernate-mapping-3.0.dtd">
<hibernate-mapping package="com.gzucm.volunteer.domain">
	<class name="Admin" table="admin">
		<id name="adminID" column="adminID" type="string">
			<generator class="uuid"></generator>
		</id>
		<property name="account" column="account" type="string" />
		<property name="adminName" column="adminName" type="string" />
		<property name="password" column="password" type="string" />
	</class>
</hibernate-mapping>