<?xml version="1.0" encoding="UTF-8"?>
<!DOCTYPE hibernate-mapping PUBLIC "-//Hibernate/Hibernate Mapping DTD 3.0//EN" "http://hibernate.sourceforge.net/hibernate-mapping-3.0.dtd">

<!-- 活动审核表 -->

<hibernate-mapping package="com.gzucm.volunteer.domain">
	<class name="ApplyActivity" table="applyActivity">
		<id name="applyActivityID" column="applyActivityID">
			<generator class="uuid"></generator>
		</id>
		<property name="activityID" column="activityID" />
		<property name="userID" column="userID" />
		<property name="uploadTime" column="uploadTime" type="java.util.Date" />
	</class>
</hibernate-mapping>