<?xml version="1.0" encoding="UTF-8"?>
<!DOCTYPE hibernate-mapping PUBLIC "-//Hibernate/Hibernate Mapping DTD 3.0//EN" "http://hibernate.sourceforge.net/hibernate-mapping-3.0.dtd">

<!-- 活动审核表 -->

<hibernate-mapping package="com.gzucm.volunteer.domain">
	<class name="CheckActivity" table="checkActivity">
		<id name="checkActivityID" column="checkActivityID">
			<generator class="uuid"></generator>
		</id>
		<property name="orgID" column="orgID" />
		<property name="activityID" column="activityID" />
		<property name="state" column="state" />
		<property name="failedReason" column="failedReason" />
		<property name="checkTime" column="checkTime" type="java.util.Date" />
		<property name="uploadTime" column="uploadTime" type="java.util.Date" />
	</class>
</hibernate-mapping>