<?xml version="1.0" encoding="UTF-8"?>
<!DOCTYPE hibernate-mapping PUBLIC "-//Hibernate/Hibernate Mapping DTD 3.0//EN" "http://hibernate.sourceforge.net/hibernate-mapping-3.0.dtd">

<!-- 收藏表 -->

<hibernate-mapping package="com.gzucm.volunteer.domain">
	<class name="Collect" table="collect">
		<id name="collectID" column="collectID">
			<generator class="uuid"></generator>
		</id>
		<property name="userID" column="userID" />
		<property name="activityID" column="activityID" />
	</class>
</hibernate-mapping>