<?xml version="1.0" encoding="UTF-8" ?>
<!DOCTYPE mapper PUBLIC "-//mybatis.org//DTD Mapper 3.0//EN" "http://mybatis.org/dtd/mybatis-3-mapper.dtd" >
<mapper namespace="cn.com.pojo.CarbrandMapper" >
  <resultMap id="BaseResultMap" type="cn.com.pojo.Carbrand" >
    <result column="B_ID" property="bId" jdbcType="DECIMAL" />
    <result column="B_NAME" property="bName" jdbcType="VARCHAR" />
    <result column="B_COUNT" property="bCount" jdbcType="DECIMAL" />
    <result column="B_IMG" property="bImg" jdbcType="VARCHAR" />
    <result column="B_SZM" property="bSzm" jdbcType="VARCHAR" />
  </resultMap>
  <select id="getCarBrandByCount" resultMap="BaseResultMap">
  select rownum,b.*  from  (select * from carbrand order by b_count desc)b where rownum&lt;8
  </select>
  <select id="getAllBrand" resultMap="BaseResultMap" >
  select * from carbrand
  </select>
  <select id="getBrandByID" resultMap="BaseResultMap"  parameterType="cn.com.pojo.Carbrand" >
  select * from carbrand where b_id=#{bId}
  </select>
  <select id="getBrandByName" resultMap="BaseResultMap"  parameterType="cn.com.pojo.Carbrand">
  select * from carbrand where b_name=#{bName}
  </select>
  <insert id="insert" parameterType="cn.com.pojo.Carbrand" >
    insert into CARBRAND (B_ID, B_NAME, B_COUNT, 
      B_IMG, B_SZM)
    values (#{bId,jdbcType=DECIMAL}, #{bName,jdbcType=VARCHAR}, #{bCount,jdbcType=DECIMAL}, 
      #{bImg,jdbcType=VARCHAR}, #{bSzm,jdbcType=VARCHAR})
  </insert>
  <insert id="insertSelective" parameterType="cn.com.pojo.Carbrand" >
    insert into CARBRAND
    <trim prefix="(" suffix=")" suffixOverrides="," >
     
        B_ID,
      
      <if test="bName != null" >
        B_NAME,
      </if>
      <if test="bCount != null" >
        B_COUNT,
      </if>
      <if test="bImg != null" >
        B_IMG,
      </if> 
      <if test="bSzm != null" >
        B_SZM,
      </if>
    </trim>
    <trim prefix="values (" suffix=")" suffixOverrides="," >
      seq_brand.nextval,
      <if test="bName != null" >
        #{bName,jdbcType=VARCHAR},
      </if>
      <if test="bCount != null" >
        #{bCount,jdbcType=DECIMAL},
      </if>
      <if test="bImg != null" >
        #{bImg,jdbcType=VARCHAR},
      </if>
      <if test="bSzm != null" >
        #{bSzm,jdbcType=VARCHAR},
      </if>
    </trim>
  </insert>
  <update id="updateCarBrand" parameterType="cn.com.pojo.Carbrand" >
  update carbrand set b_name=#{bName},b_count=#{bCount},b_img=#{bImg},b_szm=#{bSzm} where b_id=#{bId}
  </update>
  <delete id="deleteCarBrand">
  delete from carbrand where b_id=#{bId}
  </delete>
   <select id="queryPersonCarCount" resultType="java.lang.Long" >
  select count(*) from carbrand where 1=1 
  </select>
   <select id="showPersonCarList" resultMap="BaseResultMap" parameterType="hashmap">
  select * from(select rownum rn , b.* from(select   a.* from carbrand  a  where 1=1 
   order by b_count desc ) b  where rownum&lt;=(#{curPage})*(#{rowsPrePage})) where rn&gt;((#{curPage}-1)*(#{rowsPrePage}))
  </select>
</mapper>
