<?xml version="1.0" encoding="UTF-8"?>
<beans xmlns="http://www.springframework.org/schema/beans"
	xmlns:xsi="http://www.w3.org/2001/XMLSchema-instance"
	xmlns:tx="http://www.springframework.org/schema/tx"
	xmlns:cache="http://www.springframework.org/schema/cache"
	xsi:schemaLocation="http://www.springframework.org/schema/beans
	http://www.springframework.org/schema/beans/spring-beans-3.0.xsd
	http://www.springframework.org/schema/context http://www.springframework.org/schema/context/spring-context-3.0.xsd
	http://www.springframework.org/schema/tx
    http://www.springframework.org/schema/tx/spring-tx-3.0.xsd
    http://www.springframework.org/schema/cache http://www.springframework.org/schema/cache/spring-cache.xsd"
	xmlns:context="http://www.springframework.org/schema/context">
	
		
	<!-- Root Context: defines shared resources visible to all other web components -->
		
		
    <context:component-scan   		base-package="com.desilvas.volunteerapp">
   	</context:component-scan>
   	
   	<cache:annotation-driven />
   	
   	<tx:annotation-driven transaction-manager="transactionManager"/>
		
	<bean id="multipartResolver" class="org.springframework.web.multipart.commons.CommonsMultipartResolver">
		<!-- 5MB = 5242880 bytes -->
		<property name="maxUploadSize" value="5242880" />
	</bean> 
	
	
	<bean id="cacheManager" class="org.springframework.cache.support.SimpleCacheManager">
  	<property name="caches">
	    <set>
    	  
      		<bean class="org.springframework.cache.concurrent.ConcurrentMapCacheFactoryBean">
      		   <property name="name" value="categories"/>
      		   </bean>
      		
    	</set>
  </property>
</bean>


		
</beans>
