<?xml version="1.0" encoding="UTF-8" ?>
<!DOCTYPE mapper PUBLIC "-//mybatis.org//DTD Mapper 3.0//EN" "http://mybatis.org/dtd/mybatis-3-mapper.dtd" >
<mapper namespace="cn.com.pojo.ModelMapper" >
  <resultMap id="BaseResultMap" type="cn.com.pojo.Model" >
    <id column="M_ID" property="mId" jdbcType="DECIMAL" />
    <result column="B_ID" property="bId" jdbcType="DECIMAL" />
    <result column="M_NAME" property="mName" jdbcType="VARCHAR" />
  </resultMap>
  <select id="getModelByWhere" resultMap="BaseResultMap" parameterType="cn.com.pojo.Model">
  select * from model where b_id=#{bId}
 
  </select>
  <sql id="Base_Column_List" >
    M_ID, B_ID, M_NAME
  </sql>
  <select id="selectByPrimaryKey" resultMap="BaseResultMap" parameterType="java.math.BigDecimal" >
    select 
    <include refid="Base_Column_List" />
    from MODEL
    where M_ID = #{mId,jdbcType=DECIMAL}
  </select>
  <delete id="deleteByPrimaryKey" parameterType="java.math.BigDecimal" >
    delete from MODEL
    where M_ID = #{mId,jdbcType=DECIMAL}
  </delete>
  <insert id="insert" parameterType="cn.com.pojo.Model" >
    insert into MODEL (M_ID, B_ID, M_NAME
      )
    values (#{mId,jdbcType=DECIMAL}, #{bId,jdbcType=DECIMAL}, #{mName,jdbcType=VARCHAR}
      )
  </insert>
  <insert id="insertSelective" parameterType="cn.com.pojo.Model" >
    insert into MODEL
    <trim prefix="(" suffix=")" suffixOverrides="," >
      <if test="mId != null" >
        M_ID,
      </if>
      <if test="bId != null" >
        B_ID,
      </if>
      <if test="mName != null" >
        M_NAME,
      </if>
    </trim>
    <trim prefix="values (" suffix=")" suffixOverrides="," >
      <if test="mId != null" >
        #{mId,jdbcType=DECIMAL},
      </if>
      <if test="bId != null" >
        #{bId,jdbcType=DECIMAL},
      </if>
      <if test="mName != null" >
        #{mName,jdbcType=VARCHAR},
      </if>
    </trim>
  </insert>
  <update id="updateByPrimaryKeySelective" parameterType="cn.com.pojo.Model" >
    update MODEL
    <set >
      <if test="bId != null" >
        B_ID = #{bId,jdbcType=DECIMAL},
      </if>
      <if test="mName != null" >
        M_NAME = #{mName,jdbcType=VARCHAR},
      </if>
    </set>
    where M_ID = #{mId,jdbcType=DECIMAL}
  </update>
  <update id="updateByPrimaryKey" parameterType="cn.com.pojo.Model" >
    update MODEL
    set B_ID = #{bId,jdbcType=DECIMAL},
      M_NAME = #{mName,jdbcType=VARCHAR}
    where M_ID = #{mId,jdbcType=DECIMAL}
  </update>
</mapper>