<?xml version="1.0" encoding="UTF-8" ?>
<!DOCTYPE mapper PUBLIC "-//mybatis.org//DTD Mapper 3.0//EN" "http://mybatis.org/dtd/mybatis-3-mapper.dtd" >
<mapper namespace="com.hfuu.dao.write.mbg.MBGTbUserWriteDao" >
  <resultMap id="BaseResultMap" type="com.hfuu.model.po.TbUser" >
    <!--
      WARNING - @mbggenerated
      This element is automatically generated by MyBatis Generator, do not modify.
    -->
    <id column="id" property="id" jdbcType="INTEGER" />
    <result column="disabled" property="disabled" jdbcType="TINYINT" />
    <result column="createUser" property="createuser" jdbcType="INTEGER" />
    <result column="createTime" property="createtime" jdbcType="TIMESTAMP" />
    <result column="updateUser" property="updateuser" jdbcType="INTEGER" />
    <result column="updateTime" property="updatetime" jdbcType="TIMESTAMP" />
    <result column="remark" property="remark" jdbcType="VARCHAR" />
    <result column="username" property="username" jdbcType="VARCHAR" />
    <result column="pasword" property="pasword" jdbcType="VARCHAR" />
    <result column="realName" property="realname" jdbcType="VARCHAR" />
    <result column="mobileNumber" property="mobilenumber" jdbcType="VARCHAR" />
    <result column="stuNo" property="stuno" jdbcType="VARCHAR" />
    <result column="sex" property="sex" jdbcType="INTEGER" />
    <result column="userRole" property="userrole" jdbcType="INTEGER" />
    <result column="major" property="major" jdbcType="VARCHAR" />
    <result column="grade" property="grade" jdbcType="VARCHAR" />
    <result column="school" property="school" jdbcType="VARCHAR" />
  </resultMap>
  <sql id="Example_Where_Clause" >
    <!--
      WARNING - @mbggenerated
      This element is automatically generated by MyBatis Generator, do not modify.
    -->
    <where >
      <foreach collection="oredCriteria" item="criteria" separator="or" >
        <if test="criteria.valid" >
          <trim prefix="(" suffix=")" prefixOverrides="and" >
            <foreach collection="criteria.criteria" item="criterion" >
              <choose >
                <when test="criterion.noValue" >
                  and ${criterion.condition}
                </when>
                <when test="criterion.singleValue" >
                  and ${criterion.condition} #{criterion.value}
                </when>
                <when test="criterion.betweenValue" >
                  and ${criterion.condition} #{criterion.value} and #{criterion.secondValue}
                </when>
                <when test="criterion.listValue" >
                  and ${criterion.condition}
                  <foreach collection="criterion.value" item="listItem" open="(" close=")" separator="," >
                    #{listItem}
                  </foreach>
                </when>
              </choose>
            </foreach>
          </trim>
        </if>
      </foreach>
    </where>
  </sql>
  <sql id="Update_By_Example_Where_Clause" >
    <!--
      WARNING - @mbggenerated
      This element is automatically generated by MyBatis Generator, do not modify.
    -->
    <where >
      <foreach collection="example.oredCriteria" item="criteria" separator="or" >
        <if test="criteria.valid" >
          <trim prefix="(" suffix=")" prefixOverrides="and" >
            <foreach collection="criteria.criteria" item="criterion" >
              <choose >
                <when test="criterion.noValue" >
                  and ${criterion.condition}
                </when>
                <when test="criterion.singleValue" >
                  and ${criterion.condition} #{criterion.value}
                </when>
                <when test="criterion.betweenValue" >
                  and ${criterion.condition} #{criterion.value} and #{criterion.secondValue}
                </when>
                <when test="criterion.listValue" >
                  and ${criterion.condition}
                  <foreach collection="criterion.value" item="listItem" open="(" close=")" separator="," >
                    #{listItem}
                  </foreach>
                </when>
              </choose>
            </foreach>
          </trim>
        </if>
      </foreach>
    </where>
  </sql>
  <sql id="Base_Column_List" >
    <!--
      WARNING - @mbggenerated
      This element is automatically generated by MyBatis Generator, do not modify.
    -->
    id, disabled, createUser, createTime, updateUser, updateTime, remark, username, pasword, 
    realName, mobileNumber, stuNo, sex, userRole, major, grade, school
  </sql>
  <select id="selectByExample" resultMap="BaseResultMap" parameterType="com.hfuu.model.po.TbUserExample" >
    <!--
      WARNING - @mbggenerated
      This element is automatically generated by MyBatis Generator, do not modify.
    -->
    select
    <if test="distinct" >
      distinct
    </if>
    <include refid="Base_Column_List" />
    from tb_user
    <if test="_parameter != null" >
      <include refid="Example_Where_Clause" />
    </if>
    <if test="orderByClause != null" >
      order by ${orderByClause}
    </if>
    <if test="limit!=null" >
      limit 
      <if test="start!=null" >
        #{start},
      </if>
      #{limit}
    </if>
  </select>
  <select id="selectByPrimaryKey" resultMap="BaseResultMap" parameterType="java.lang.Integer" >
    <!--
      WARNING - @mbggenerated
      This element is automatically generated by MyBatis Generator, do not modify.
    -->
    select 
    <include refid="Base_Column_List" />
    from tb_user
    where id = #{id,jdbcType=INTEGER}
  </select>
  <delete id="deleteByPrimaryKey" parameterType="java.lang.Integer" >
    <!--
      WARNING - @mbggenerated
      This element is automatically generated by MyBatis Generator, do not modify.
    -->
    delete from tb_user
    where id = #{id,jdbcType=INTEGER}
  </delete>
  <delete id="deleteByExample" parameterType="com.hfuu.model.po.TbUserExample" >
    <!--
      WARNING - @mbggenerated
      This element is automatically generated by MyBatis Generator, do not modify.
    -->
    delete from tb_user
    <if test="_parameter != null" >
      <include refid="Example_Where_Clause" />
    </if>
  </delete>
  <insert id="insert" parameterType="com.hfuu.model.po.TbUser" >
    <!--
      WARNING - @mbggenerated
      This element is automatically generated by MyBatis Generator, do not modify.
    -->
    insert into tb_user (id, disabled, createUser, 
      createTime, updateUser, updateTime, 
      remark, username, pasword, 
      realName, mobileNumber, stuNo, 
      sex, userRole, major, 
      grade, school)
    values (#{id,jdbcType=INTEGER}, #{disabled,jdbcType=TINYINT}, #{createuser,jdbcType=INTEGER}, 
      #{createtime,jdbcType=TIMESTAMP}, #{updateuser,jdbcType=INTEGER}, #{updatetime,jdbcType=TIMESTAMP}, 
      #{remark,jdbcType=VARCHAR}, #{username,jdbcType=VARCHAR}, #{pasword,jdbcType=VARCHAR}, 
      #{realname,jdbcType=VARCHAR}, #{mobilenumber,jdbcType=VARCHAR}, #{stuno,jdbcType=VARCHAR}, 
      #{sex,jdbcType=INTEGER}, #{userrole,jdbcType=INTEGER}, #{major,jdbcType=VARCHAR}, 
      #{grade,jdbcType=VARCHAR}, #{school,jdbcType=VARCHAR})
  </insert>
  <insert id="insertSelective" parameterType="com.hfuu.model.po.TbUser" >
    <!--
      WARNING - @mbggenerated
      This element is automatically generated by MyBatis Generator, do not modify.
    -->
    insert into tb_user
    <trim prefix="(" suffix=")" suffixOverrides="," >
      <if test="id != null" >
        id,
      </if>
      <if test="disabled != null" >
        disabled,
      </if>
      <if test="createuser != null" >
        createUser,
      </if>
      <if test="createtime != null" >
        createTime,
      </if>
      <if test="updateuser != null" >
        updateUser,
      </if>
      <if test="updatetime != null" >
        updateTime,
      </if>
      <if test="remark != null" >
        remark,
      </if>
      <if test="username != null" >
        username,
      </if>
      <if test="pasword != null" >
        pasword,
      </if>
      <if test="realname != null" >
        realName,
      </if>
      <if test="mobilenumber != null" >
        mobileNumber,
      </if>
      <if test="stuno != null" >
        stuNo,
      </if>
      <if test="sex != null" >
        sex,
      </if>
      <if test="userrole != null" >
        userRole,
      </if>
      <if test="major != null" >
        major,
      </if>
      <if test="grade != null" >
        grade,
      </if>
      <if test="school != null" >
        school,
      </if>
    </trim>
    <trim prefix="values (" suffix=")" suffixOverrides="," >
      <if test="id != null" >
        #{id,jdbcType=INTEGER},
      </if>
      <if test="disabled != null" >
        #{disabled,jdbcType=TINYINT},
      </if>
      <if test="createuser != null" >
        #{createuser,jdbcType=INTEGER},
      </if>
      <if test="createtime != null" >
        #{createtime,jdbcType=TIMESTAMP},
      </if>
      <if test="updateuser != null" >
        #{updateuser,jdbcType=INTEGER},
      </if>
      <if test="updatetime != null" >
        #{updatetime,jdbcType=TIMESTAMP},
      </if>
      <if test="remark != null" >
        #{remark,jdbcType=VARCHAR},
      </if>
      <if test="username != null" >
        #{username,jdbcType=VARCHAR},
      </if>
      <if test="pasword != null" >
        #{pasword,jdbcType=VARCHAR},
      </if>
      <if test="realname != null" >
        #{realname,jdbcType=VARCHAR},
      </if>
      <if test="mobilenumber != null" >
        #{mobilenumber,jdbcType=VARCHAR},
      </if>
      <if test="stuno != null" >
        #{stuno,jdbcType=VARCHAR},
      </if>
      <if test="sex != null" >
        #{sex,jdbcType=INTEGER},
      </if>
      <if test="userrole != null" >
        #{userrole,jdbcType=INTEGER},
      </if>
      <if test="major != null" >
        #{major,jdbcType=VARCHAR},
      </if>
      <if test="grade != null" >
        #{grade,jdbcType=VARCHAR},
      </if>
      <if test="school != null" >
        #{school,jdbcType=VARCHAR},
      </if>
    </trim>
  </insert>
  <select id="countByExample" parameterType="com.hfuu.model.po.TbUserExample" resultType="java.lang.Integer" >
    <!--
      WARNING - @mbggenerated
      This element is automatically generated by MyBatis Generator, do not modify.
    -->
    select count(*) from tb_user
    <if test="_parameter != null" >
      <include refid="Example_Where_Clause" />
    </if>
  </select>
  <update id="updateByExampleSelective" parameterType="map" >
    <!--
      WARNING - @mbggenerated
      This element is automatically generated by MyBatis Generator, do not modify.
    -->
    update tb_user
    <set >
      <if test="record.id != null" >
        id = #{record.id,jdbcType=INTEGER},
      </if>
      <if test="record.disabled != null" >
        disabled = #{record.disabled,jdbcType=TINYINT},
      </if>
      <if test="record.createuser != null" >
        createUser = #{record.createuser,jdbcType=INTEGER},
      </if>
      <if test="record.createtime != null" >
        createTime = #{record.createtime,jdbcType=TIMESTAMP},
      </if>
      <if test="record.updateuser != null" >
        updateUser = #{record.updateuser,jdbcType=INTEGER},
      </if>
      <if test="record.updatetime != null" >
        updateTime = #{record.updatetime,jdbcType=TIMESTAMP},
      </if>
      <if test="record.remark != null" >
        remark = #{record.remark,jdbcType=VARCHAR},
      </if>
      <if test="record.username != null" >
        username = #{record.username,jdbcType=VARCHAR},
      </if>
      <if test="record.pasword != null" >
        pasword = #{record.pasword,jdbcType=VARCHAR},
      </if>
      <if test="record.realname != null" >
        realName = #{record.realname,jdbcType=VARCHAR},
      </if>
      <if test="record.mobilenumber != null" >
        mobileNumber = #{record.mobilenumber,jdbcType=VARCHAR},
      </if>
      <if test="record.stuno != null" >
        stuNo = #{record.stuno,jdbcType=VARCHAR},
      </if>
      <if test="record.sex != null" >
        sex = #{record.sex,jdbcType=INTEGER},
      </if>
      <if test="record.userrole != null" >
        userRole = #{record.userrole,jdbcType=INTEGER},
      </if>
      <if test="record.major != null" >
        major = #{record.major,jdbcType=VARCHAR},
      </if>
      <if test="record.grade != null" >
        grade = #{record.grade,jdbcType=VARCHAR},
      </if>
      <if test="record.school != null" >
        school = #{record.school,jdbcType=VARCHAR},
      </if>
    </set>
    <if test="_parameter != null" >
      <include refid="Update_By_Example_Where_Clause" />
    </if>
  </update>
  <update id="updateByExample" parameterType="map" >
    <!--
      WARNING - @mbggenerated
      This element is automatically generated by MyBatis Generator, do not modify.
    -->
    update tb_user
    set id = #{record.id,jdbcType=INTEGER},
      disabled = #{record.disabled,jdbcType=TINYINT},
      createUser = #{record.createuser,jdbcType=INTEGER},
      createTime = #{record.createtime,jdbcType=TIMESTAMP},
      updateUser = #{record.updateuser,jdbcType=INTEGER},
      updateTime = #{record.updatetime,jdbcType=TIMESTAMP},
      remark = #{record.remark,jdbcType=VARCHAR},
      username = #{record.username,jdbcType=VARCHAR},
      pasword = #{record.pasword,jdbcType=VARCHAR},
      realName = #{record.realname,jdbcType=VARCHAR},
      mobileNumber = #{record.mobilenumber,jdbcType=VARCHAR},
      stuNo = #{record.stuno,jdbcType=VARCHAR},
      sex = #{record.sex,jdbcType=INTEGER},
      userRole = #{record.userrole,jdbcType=INTEGER},
      major = #{record.major,jdbcType=VARCHAR},
      grade = #{record.grade,jdbcType=VARCHAR},
      school = #{record.school,jdbcType=VARCHAR}
    <if test="_parameter != null" >
      <include refid="Update_By_Example_Where_Clause" />
    </if>
  </update>
  <update id="updateByPrimaryKeySelective" parameterType="com.hfuu.model.po.TbUser" >
    <!--
      WARNING - @mbggenerated
      This element is automatically generated by MyBatis Generator, do not modify.
    -->
    update tb_user
    <set >
      <if test="disabled != null" >
        disabled = #{disabled,jdbcType=TINYINT},
      </if>
      <if test="createuser != null" >
        createUser = #{createuser,jdbcType=INTEGER},
      </if>
      <if test="createtime != null" >
        createTime = #{createtime,jdbcType=TIMESTAMP},
      </if>
      <if test="updateuser != null" >
        updateUser = #{updateuser,jdbcType=INTEGER},
      </if>
      <if test="updatetime != null" >
        updateTime = #{updatetime,jdbcType=TIMESTAMP},
      </if>
      <if test="remark != null" >
        remark = #{remark,jdbcType=VARCHAR},
      </if>
      <if test="username != null" >
        username = #{username,jdbcType=VARCHAR},
      </if>
      <if test="pasword != null" >
        pasword = #{pasword,jdbcType=VARCHAR},
      </if>
      <if test="realname != null" >
        realName = #{realname,jdbcType=VARCHAR},
      </if>
      <if test="mobilenumber != null" >
        mobileNumber = #{mobilenumber,jdbcType=VARCHAR},
      </if>
      <if test="stuno != null" >
        stuNo = #{stuno,jdbcType=VARCHAR},
      </if>
      <if test="sex != null" >
        sex = #{sex,jdbcType=INTEGER},
      </if>
      <if test="userrole != null" >
        userRole = #{userrole,jdbcType=INTEGER},
      </if>
      <if test="major != null" >
        major = #{major,jdbcType=VARCHAR},
      </if>
      <if test="grade != null" >
        grade = #{grade,jdbcType=VARCHAR},
      </if>
      <if test="school != null" >
        school = #{school,jdbcType=VARCHAR},
      </if>
    </set>
    where id = #{id,jdbcType=INTEGER}
  </update>
  <update id="updateByPrimaryKey" parameterType="com.hfuu.model.po.TbUser" >
    <!--
      WARNING - @mbggenerated
      This element is automatically generated by MyBatis Generator, do not modify.
    -->
    update tb_user
    set disabled = #{disabled,jdbcType=TINYINT},
      createUser = #{createuser,jdbcType=INTEGER},
      createTime = #{createtime,jdbcType=TIMESTAMP},
      updateUser = #{updateuser,jdbcType=INTEGER},
      updateTime = #{updatetime,jdbcType=TIMESTAMP},
      remark = #{remark,jdbcType=VARCHAR},
      username = #{username,jdbcType=VARCHAR},
      pasword = #{pasword,jdbcType=VARCHAR},
      realName = #{realname,jdbcType=VARCHAR},
      mobileNumber = #{mobilenumber,jdbcType=VARCHAR},
      stuNo = #{stuno,jdbcType=VARCHAR},
      sex = #{sex,jdbcType=INTEGER},
      userRole = #{userrole,jdbcType=INTEGER},
      major = #{major,jdbcType=VARCHAR},
      grade = #{grade,jdbcType=VARCHAR},
      school = #{school,jdbcType=VARCHAR}
    where id = #{id,jdbcType=INTEGER}
  </update>
</mapper>