<?xml version="1.0" encoding="UTF-8"?>
<!DOCTYPE mapper PUBLIC "-//mybatis.org//DTD Mapper 3.0//EN" "http://mybatis.org/dtd/mybatis-3-mapper.dtd">
<mapper namespace="com.hisen.dao.AppointmentMapper">
  <resultMap id="BaseResultMap" type="com.hisen.bean.entity.Appointment">
    <!--
      WARNING - @mbggenerated
      This element is automatically generated by MyBatis Generator, do not modify.
      This element was generated on Thu Aug 03 16:47:27 CST 2017.
    -->
    <id column="id" jdbcType="INTEGER" property="id" />
    <result column="book_id" jdbcType="INTEGER" property="bookId" />
    <result column="user_number" jdbcType="INTEGER" property="userNumber" />
    <result column="appointment_time" jdbcType="TIMESTAMP" property="appointmentTime" />
    <result column="expect_return_time" jdbcType="TIMESTAMP" property="expectReturnTime" />
    <result column="real_return_time" jdbcType="TIMESTAMP" property="realReturnTime" />
    <result column="status" jdbcType="INTEGER" property="status" />
  </resultMap>
  <sql id="Example_Where_Clause">
    <!--
      WARNING - @mbggenerated
      This element is automatically generated by MyBatis Generator, do not modify.
      This element was generated on Thu Aug 03 16:47:27 CST 2017.
    -->
    <where>
      <foreach collection="oredCriteria" item="criteria" separator="or">
        <if test="criteria.valid">
          <trim prefix="(" prefixOverrides="and" suffix=")">
            <foreach collection="criteria.criteria" item="criterion">
              <choose>
                <when test="criterion.noValue">
                  and ${criterion.condition}
                </when>
                <when test="criterion.singleValue">
                  and ${criterion.condition} #{criterion.value}
                </when>
                <when test="criterion.betweenValue">
                  and ${criterion.condition} #{criterion.value} and #{criterion.secondValue}
                </when>
                <when test="criterion.listValue">
                  and ${criterion.condition}
                  <foreach close=")" collection="criterion.value" item="listItem" open="(" separator=",">
                    #{listItem}
                  </foreach>
                </when>
              </choose>
            </foreach>
          </trim>
        </if>
      </foreach>
    </where>
  </sql>
  <sql id="Update_By_Example_Where_Clause">
    <!--
      WARNING - @mbggenerated
      This element is automatically generated by MyBatis Generator, do not modify.
      This element was generated on Thu Aug 03 16:47:27 CST 2017.
    -->
    <where>
      <foreach collection="example.oredCriteria" item="criteria" separator="or">
        <if test="criteria.valid">
          <trim prefix="(" prefixOverrides="and" suffix=")">
            <foreach collection="criteria.criteria" item="criterion">
              <choose>
                <when test="criterion.noValue">
                  and ${criterion.condition}
                </when>
                <when test="criterion.singleValue">
                  and ${criterion.condition} #{criterion.value}
                </when>
                <when test="criterion.betweenValue">
                  and ${criterion.condition} #{criterion.value} and #{criterion.secondValue}
                </when>
                <when test="criterion.listValue">
                  and ${criterion.condition}
                  <foreach close=")" collection="criterion.value" item="listItem" open="(" separator=",">
                    #{listItem}
                  </foreach>
                </when>
              </choose>
            </foreach>
          </trim>
        </if>
      </foreach>
    </where>
  </sql>
  <sql id="Base_Column_List">
    <!--
      WARNING - @mbggenerated
      This element is automatically generated by MyBatis Generator, do not modify.
      This element was generated on Thu Aug 03 16:47:27 CST 2017.
    -->
    id, book_id, user_number, appointment_time, expect_return_time, real_return_time, 
    status
  </sql>
  <select id="selectByExample" parameterType="com.hisen.bean.entity.AppointmentExample" resultMap="BaseResultMap">
    <!--
      WARNING - @mbggenerated
      This element is automatically generated by MyBatis Generator, do not modify.
      This element was generated on Thu Aug 03 16:47:27 CST 2017.
    -->
    select
    <if test="distinct">
      distinct
    </if>
    <include refid="Base_Column_List" />
    from appointment
    <if test="_parameter != null">
      <include refid="Example_Where_Clause" />
    </if>
    <if test="orderByClause != null">
      order by ${orderByClause}
    </if>
  </select>
  <select id="selectByPrimaryKey" parameterType="java.lang.Integer" resultMap="BaseResultMap">
    <!--
      WARNING - @mbggenerated
      This element is automatically generated by MyBatis Generator, do not modify.
      This element was generated on Thu Aug 03 16:47:27 CST 2017.
    -->
    select 
    <include refid="Base_Column_List" />
    from appointment
    where id = #{id,jdbcType=INTEGER}
  </select>
  <delete id="deleteByPrimaryKey" parameterType="java.lang.Integer">
    <!--
      WARNING - @mbggenerated
      This element is automatically generated by MyBatis Generator, do not modify.
      This element was generated on Thu Aug 03 16:47:27 CST 2017.
    -->
    delete from appointment
    where id = #{id,jdbcType=INTEGER}
  </delete>
  <delete id="deleteByExample" parameterType="com.hisen.bean.entity.AppointmentExample">
    <!--
      WARNING - @mbggenerated
      This element is automatically generated by MyBatis Generator, do not modify.
      This element was generated on Thu Aug 03 16:47:27 CST 2017.
    -->
    delete from appointment
    <if test="_parameter != null">
      <include refid="Example_Where_Clause" />
    </if>
  </delete>
  <insert id="insert" parameterType="com.hisen.bean.entity.Appointment">
    <!--
      WARNING - @mbggenerated
      This element is automatically generated by MyBatis Generator, do not modify.
      This element was generated on Thu Aug 03 16:47:27 CST 2017.
    -->
    insert into appointment (id, book_id, user_number, 
      appointment_time, expect_return_time, 
      real_return_time, status)
    values (#{id,jdbcType=INTEGER}, #{bookId,jdbcType=INTEGER}, #{userNumber,jdbcType=INTEGER}, 
      #{appointmentTime,jdbcType=TIMESTAMP}, #{expectReturnTime,jdbcType=TIMESTAMP}, 
      #{realReturnTime,jdbcType=TIMESTAMP}, #{status,jdbcType=INTEGER})
  </insert>
  <insert id="insertSelective" parameterType="com.hisen.bean.entity.Appointment">
    <!--
      WARNING - @mbggenerated
      This element is automatically generated by MyBatis Generator, do not modify.
      This element was generated on Thu Aug 03 16:47:27 CST 2017.
    -->
    insert into appointment
    <trim prefix="(" suffix=")" suffixOverrides=",">
      <if test="id != null">
        id,
      </if>
      <if test="bookId != null">
        book_id,
      </if>
      <if test="userNumber != null">
        user_number,
      </if>
      <if test="appointmentTime != null">
        appointment_time,
      </if>
      <if test="expectReturnTime != null">
        expect_return_time,
      </if>
      <if test="realReturnTime != null">
        real_return_time,
      </if>
      <if test="status != null">
        status,
      </if>
    </trim>
    <trim prefix="values (" suffix=")" suffixOverrides=",">
      <if test="id != null">
        #{id,jdbcType=INTEGER},
      </if>
      <if test="bookId != null">
        #{bookId,jdbcType=INTEGER},
      </if>
      <if test="userNumber != null">
        #{userNumber,jdbcType=INTEGER},
      </if>
      <if test="appointmentTime != null">
        #{appointmentTime,jdbcType=TIMESTAMP},
      </if>
      <if test="expectReturnTime != null">
        #{expectReturnTime,jdbcType=TIMESTAMP},
      </if>
      <if test="realReturnTime != null">
        #{realReturnTime,jdbcType=TIMESTAMP},
      </if>
      <if test="status != null">
        #{status,jdbcType=INTEGER},
      </if>
    </trim>
  </insert>
  <select id="countByExample" parameterType="com.hisen.bean.entity.AppointmentExample" resultType="java.lang.Integer">
    <!--
      WARNING - @mbggenerated
      This element is automatically generated by MyBatis Generator, do not modify.
      This element was generated on Thu Aug 03 16:47:27 CST 2017.
    -->
    select count(*) from appointment
    <if test="_parameter != null">
      <include refid="Example_Where_Clause" />
    </if>
  </select>
  <update id="updateByExampleSelective" parameterType="map">
    <!--
      WARNING - @mbggenerated
      This element is automatically generated by MyBatis Generator, do not modify.
      This element was generated on Thu Aug 03 16:47:27 CST 2017.
    -->
    update appointment
    <set>
      <if test="record.id != null">
        id = #{record.id,jdbcType=INTEGER},
      </if>
      <if test="record.bookId != null">
        book_id = #{record.bookId,jdbcType=INTEGER},
      </if>
      <if test="record.userNumber != null">
        user_number = #{record.userNumber,jdbcType=INTEGER},
      </if>
      <if test="record.appointmentTime != null">
        appointment_time = #{record.appointmentTime,jdbcType=TIMESTAMP},
      </if>
      <if test="record.expectReturnTime != null">
        expect_return_time = #{record.expectReturnTime,jdbcType=TIMESTAMP},
      </if>
      <if test="record.realReturnTime != null">
        real_return_time = #{record.realReturnTime,jdbcType=TIMESTAMP},
      </if>
      <if test="record.status != null">
        status = #{record.status,jdbcType=INTEGER},
      </if>
    </set>
    <if test="_parameter != null">
      <include refid="Update_By_Example_Where_Clause" />
    </if>
  </update>
  <update id="updateByExample" parameterType="map">
    <!--
      WARNING - @mbggenerated
      This element is automatically generated by MyBatis Generator, do not modify.
      This element was generated on Thu Aug 03 16:47:27 CST 2017.
    -->
    update appointment
    set id = #{record.id,jdbcType=INTEGER},
      book_id = #{record.bookId,jdbcType=INTEGER},
      user_number = #{record.userNumber,jdbcType=INTEGER},
      appointment_time = #{record.appointmentTime,jdbcType=TIMESTAMP},
      expect_return_time = #{record.expectReturnTime,jdbcType=TIMESTAMP},
      real_return_time = #{record.realReturnTime,jdbcType=TIMESTAMP},
      status = #{record.status,jdbcType=INTEGER}
    <if test="_parameter != null">
      <include refid="Update_By_Example_Where_Clause" />
    </if>
  </update>
  <update id="updateByPrimaryKeySelective" parameterType="com.hisen.bean.entity.Appointment">
    <!--
      WARNING - @mbggenerated
      This element is automatically generated by MyBatis Generator, do not modify.
      This element was generated on Thu Aug 03 16:47:27 CST 2017.
    -->
    update appointment
    <set>
      <if test="bookId != null">
        book_id = #{bookId,jdbcType=INTEGER},
      </if>
      <if test="userNumber != null">
        user_number = #{userNumber,jdbcType=INTEGER},
      </if>
      <if test="appointmentTime != null">
        appointment_time = #{appointmentTime,jdbcType=TIMESTAMP},
      </if>
      <if test="expectReturnTime != null">
        expect_return_time = #{expectReturnTime,jdbcType=TIMESTAMP},
      </if>
      <if test="realReturnTime != null">
        real_return_time = #{realReturnTime,jdbcType=TIMESTAMP},
      </if>
      <if test="status != null">
        status = #{status,jdbcType=INTEGER},
      </if>
    </set>
    where id = #{id,jdbcType=INTEGER}
  </update>
  <update id="updateByPrimaryKey" parameterType="com.hisen.bean.entity.Appointment">
    <!--
      WARNING - @mbggenerated
      This element is automatically generated by MyBatis Generator, do not modify.
      This element was generated on Thu Aug 03 16:47:27 CST 2017.
    -->
    update appointment
    set book_id = #{bookId,jdbcType=INTEGER},
      user_number = #{userNumber,jdbcType=INTEGER},
      appointment_time = #{appointmentTime,jdbcType=TIMESTAMP},
      expect_return_time = #{expectReturnTime,jdbcType=TIMESTAMP},
      real_return_time = #{realReturnTime,jdbcType=TIMESTAMP},
      status = #{status,jdbcType=INTEGER}
    where id = #{id,jdbcType=INTEGER}
  </update>
</mapper>