<?xml version="1.0" encoding="UTF-8"?>
<!DOCTYPE mapper PUBLIC "-//mybatis.org//DTD Mapper 3.0//EN" "http://mybatis.org/dtd/mybatis-3-mapper.dtd">
<mapper namespace="com.hisen.dao.UserMapper">
  <resultMap id="BaseResultMap" type="com.hisen.entity.User">
    <!--
      WARNING - @mbggenerated
      This element is automatically generated by MyBatis Generator, do not modify.
      This element was generated on Thu Aug 03 16:47:27 CST 2017.
    -->
    <id column="user_id" jdbcType="INTEGER" property="userId" />
    <id column="user_number" jdbcType="VARCHAR" property="userNumber" />
    <result column="user_name" jdbcType="VARCHAR" property="userName" />
    <result column="user_phone" jdbcType="VARCHAR" property="userPhone" />
    <result column="user_address" jdbcType="VARCHAR" property="userAddress" />
  </resultMap>
  <sql id="Example_Where_Clause">
    <!--
      WARNING - @mbggenerated
      This element is automatically generated by MyBatis Generator, do not modify.
      This element was generated on Thu Aug 03 16:47:27 CST 2017.
    -->
    <where>
      <foreach collection="oredCriteria" item="criteria" separator="or">
        <if test="criteria.valid">
          <trim prefix="(" prefixOverrides="and" suffix=")">
            <foreach collection="criteria.criteria" item="criterion">
              <choose>
                <when test="criterion.noValue">
                  and ${criterion.condition}
                </when>
                <when test="criterion.singleValue">
                  and ${criterion.condition} #{criterion.value}
                </when>
                <when test="criterion.betweenValue">
                  and ${criterion.condition} #{criterion.value} and #{criterion.secondValue}
                </when>
                <when test="criterion.listValue">
                  and ${criterion.condition}
                  <foreach close=")" collection="criterion.value" item="listItem" open="(" separator=",">
                    #{listItem}
                  </foreach>
                </when>
              </choose>
            </foreach>
          </trim>
        </if>
      </foreach>
    </where>
  </sql>
  <sql id="Update_By_Example_Where_Clause">
    <!--
      WARNING - @mbggenerated
      This element is automatically generated by MyBatis Generator, do not modify.
      This element was generated on Thu Aug 03 16:47:27 CST 2017.
    -->
    <where>
      <foreach collection="example.oredCriteria" item="criteria" separator="or">
        <if test="criteria.valid">
          <trim prefix="(" prefixOverrides="and" suffix=")">
            <foreach collection="criteria.criteria" item="criterion">
              <choose>
                <when test="criterion.noValue">
                  and ${criterion.condition}
                </when>
                <when test="criterion.singleValue">
                  and ${criterion.condition} #{criterion.value}
                </when>
                <when test="criterion.betweenValue">
                  and ${criterion.condition} #{criterion.value} and #{criterion.secondValue}
                </when>
                <when test="criterion.listValue">
                  and ${criterion.condition}
                  <foreach close=")" collection="criterion.value" item="listItem" open="(" separator=",">
                    #{listItem}
                  </foreach>
                </when>
              </choose>
            </foreach>
          </trim>
        </if>
      </foreach>
    </where>
  </sql>
  <sql id="Base_Column_List">
    <!--
      WARNING - @mbggenerated
      This element is automatically generated by MyBatis Generator, do not modify.
      This element was generated on Thu Aug 03 16:47:27 CST 2017.
    -->
    user_id, user_number, user_name, user_phone, user_address
  </sql>
  <select id="selectByExample" parameterType="com.hisen.entity.UserExample" resultMap="BaseResultMap">
    <!--
      WARNING - @mbggenerated
      This element is automatically generated by MyBatis Generator, do not modify.
      This element was generated on Thu Aug 03 16:47:27 CST 2017.
    -->
    select
    <if test="distinct">
      distinct
    </if>
    <include refid="Base_Column_List" />
    from user
    <if test="_parameter != null">
      <include refid="Example_Where_Clause" />
    </if>
    <if test="orderByClause != null">
      order by ${orderByClause}
    </if>
  </select>
  <select id="selectByPrimaryKey" parameterType="com.hisen.entity.UserKey" resultMap="BaseResultMap">
    <!--
      WARNING - @mbggenerated
      This element is automatically generated by MyBatis Generator, do not modify.
      This element was generated on Thu Aug 03 16:47:27 CST 2017.
    -->
    select 
    <include refid="Base_Column_List" />
    from user
    where user_id = #{userId,jdbcType=INTEGER}
      and user_number = #{userNumber,jdbcType=VARCHAR}
  </select>
  <delete id="deleteByPrimaryKey" parameterType="com.hisen.entity.UserKey">
    <!--
      WARNING - @mbggenerated
      This element is automatically generated by MyBatis Generator, do not modify.
      This element was generated on Thu Aug 03 16:47:27 CST 2017.
    -->
    delete from user
    where user_id = #{userId,jdbcType=INTEGER}
      and user_number = #{userNumber,jdbcType=VARCHAR}
  </delete>
  <delete id="deleteByExample" parameterType="com.hisen.entity.UserExample">
    <!--
      WARNING - @mbggenerated
      This element is automatically generated by MyBatis Generator, do not modify.
      This element was generated on Thu Aug 03 16:47:27 CST 2017.
    -->
    delete from user
    <if test="_parameter != null">
      <include refid="Example_Where_Clause" />
    </if>
  </delete>
  <insert id="insert" parameterType="com.hisen.entity.User">
    <!--
      WARNING - @mbggenerated
      This element is automatically generated by MyBatis Generator, do not modify.
      This element was generated on Thu Aug 03 16:47:27 CST 2017.
    -->
    insert into user (user_id, user_number, user_name, 
      user_phone, user_address)
    values (#{userId,jdbcType=INTEGER}, #{userNumber,jdbcType=VARCHAR}, #{userName,jdbcType=VARCHAR}, 
      #{userPhone,jdbcType=VARCHAR}, #{userAddress,jdbcType=VARCHAR})
  </insert>
  <insert id="insertSelective" parameterType="com.hisen.entity.User">
    <!--
      WARNING - @mbggenerated
      This element is automatically generated by MyBatis Generator, do not modify.
      This element was generated on Thu Aug 03 16:47:27 CST 2017.
    -->
    insert into user
    <trim prefix="(" suffix=")" suffixOverrides=",">
      <if test="userId != null">
        user_id,
      </if>
      <if test="userNumber != null">
        user_number,
      </if>
      <if test="userName != null">
        user_name,
      </if>
      <if test="userPhone != null">
        user_phone,
      </if>
      <if test="userAddress != null">
        user_address,
      </if>
    </trim>
    <trim prefix="values (" suffix=")" suffixOverrides=",">
      <if test="userId != null">
        #{userId,jdbcType=INTEGER},
      </if>
      <if test="userNumber != null">
        #{userNumber,jdbcType=VARCHAR},
      </if>
      <if test="userName != null">
        #{userName,jdbcType=VARCHAR},
      </if>
      <if test="userPhone != null">
        #{userPhone,jdbcType=VARCHAR},
      </if>
      <if test="userAddress != null">
        #{userAddress,jdbcType=VARCHAR},
      </if>
    </trim>
  </insert>
  <select id="countByExample" parameterType="com.hisen.entity.UserExample" resultType="java.lang.Integer">
    <!--
      WARNING - @mbggenerated
      This element is automatically generated by MyBatis Generator, do not modify.
      This element was generated on Thu Aug 03 16:47:27 CST 2017.
    -->
    select count(*) from user
    <if test="_parameter != null">
      <include refid="Example_Where_Clause" />
    </if>
  </select>
  <update id="updateByExampleSelective" parameterType="map">
    <!--
      WARNING - @mbggenerated
      This element is automatically generated by MyBatis Generator, do not modify.
      This element was generated on Thu Aug 03 16:47:27 CST 2017.
    -->
    update user
    <set>
      <if test="record.userId != null">
        user_id = #{record.userId,jdbcType=INTEGER},
      </if>
      <if test="record.userNumber != null">
        user_number = #{record.userNumber,jdbcType=VARCHAR},
      </if>
      <if test="record.userName != null">
        user_name = #{record.userName,jdbcType=VARCHAR},
      </if>
      <if test="record.userPhone != null">
        user_phone = #{record.userPhone,jdbcType=VARCHAR},
      </if>
      <if test="record.userAddress != null">
        user_address = #{record.userAddress,jdbcType=VARCHAR},
      </if>
    </set>
    <if test="_parameter != null">
      <include refid="Update_By_Example_Where_Clause" />
    </if>
  </update>
  <update id="updateByExample" parameterType="map">
    <!--
      WARNING - @mbggenerated
      This element is automatically generated by MyBatis Generator, do not modify.
      This element was generated on Thu Aug 03 16:47:27 CST 2017.
    -->
    update user
    set user_id = #{record.userId,jdbcType=INTEGER},
      user_number = #{record.userNumber,jdbcType=VARCHAR},
      user_name = #{record.userName,jdbcType=VARCHAR},
      user_phone = #{record.userPhone,jdbcType=VARCHAR},
      user_address = #{record.userAddress,jdbcType=VARCHAR}
    <if test="_parameter != null">
      <include refid="Update_By_Example_Where_Clause" />
    </if>
  </update>
  <update id="updateByPrimaryKeySelective" parameterType="com.hisen.entity.User">
    <!--
      WARNING - @mbggenerated
      This element is automatically generated by MyBatis Generator, do not modify.
      This element was generated on Thu Aug 03 16:47:27 CST 2017.
    -->
    update user
    <set>
      <if test="userName != null">
        user_name = #{userName,jdbcType=VARCHAR},
      </if>
      <if test="userPhone != null">
        user_phone = #{userPhone,jdbcType=VARCHAR},
      </if>
      <if test="userAddress != null">
        user_address = #{userAddress,jdbcType=VARCHAR},
      </if>
    </set>
    where user_id = #{userId,jdbcType=INTEGER}
      and user_number = #{userNumber,jdbcType=VARCHAR}
  </update>
  <update id="updateByPrimaryKey" parameterType="com.hisen.entity.User">
    <!--
      WARNING - @mbggenerated
      This element is automatically generated by MyBatis Generator, do not modify.
      This element was generated on Thu Aug 03 16:47:27 CST 2017.
    -->
    update user
    set user_name = #{userName,jdbcType=VARCHAR},
      user_phone = #{userPhone,jdbcType=VARCHAR},
      user_address = #{userAddress,jdbcType=VARCHAR}
    where user_id = #{userId,jdbcType=INTEGER}
      and user_number = #{userNumber,jdbcType=VARCHAR}
  </update>
</mapper>