<beans 
	xmlns:xsi="http://www.w3.org/2001/XMLSchema-instance"
	xmlns="http://www.springframework.org/schema/beans"	 
	xmlns:context="http://www.springframework.org/schema/context"
	xmlns:aop="http://www.springframework.org/schema/aop" 
	xmlns:tx="http://www.springframework.org/schema/tx"
	xsi:schemaLocation="
	http://www.springframework.org/schema/beans http://www.springframework.org/schema/beans/spring-beans-3.0.xsd
	http://www.springframework.org/schema/context http://www.springframework.org/schema/context/spring-context-3.0.xsd
	http://www.springframework.org/schema/aop http://www.springframework.org/schema/aop/spring-aop-3.0.xsd
	http://www.springframework.org/schema/tx http://www.springframework.org/schema/tx/spring-tx-3.0.xsd">
	
		<bean id="dataSource" class="org.springframework.jdbc.datasource.DriverManagerDataSource">
		<property name="driverClassName">
			<value>com.mysql.jdbc.Driver</value>
		</property>
		<property name="url">
			<value>jdbc:mysql://localhost:3306/volunteerSystem</value>
		</property>
		<property name="username">
			<value>root</value>
		</property>
		<property name="password">
			<value>root</value>
		</property>
	</bean>
	
	<!-- 定义SessionFactory -->
	<bean id="sessionFactory" class="org.springframework.orm.hibernate3.LocalSessionFactoryBean">
		<property name="dataSource">
			<ref bean="dataSource"/>
		</property>
		<property name="hibernateProperties">
			<props>
				<prop key="hibernate.dialect">
					org.hibernate.dialect.MySQLDialect
				</prop>
				<prop key="hibernate.show_sql">false</prop>
			</props>
		</property>
		<property name="mappingResources">
			<list>
				<value>com/volunteerSystem/po/Student.hbm.xml</value>
				<value>com/volunteerSystem/po/Admin.hbm.xml</value>
				<value>com/volunteerSystem/po/Activity.hbm.xml</value>
				<value>com/volunteerSystem/po/Academy.hbm.xml</value>
				<value>com/volunteerSystem/po/ActStuRelation.hbm.xml</value>
			</list>
		</property>
	</bean>
	
	
	<!-- 定义HibernateTemplate -->
	<bean id="hibernateTemplate" class="org.springframework.orm.hibernate3.HibernateTemplate">
		<property name="sessionFactory">
			<ref bean="sessionFactory"/>
		</property>
	</bean>
	
	<!-- 配置DAO组件 -->
	<bean id="studentDao" class="com.volunteerSystem.dao.StudentDaoImpl">
		<property name="hibernateTemplate">
			<ref bean="hibernateTemplate"/>
		</property>
	</bean>
	<bean id="activityDao" class="com.volunteerSystem.dao.ActivityDaoImpl">
		<property name="hibernateTemplate">
			<ref bean="hibernateTemplate"/>
		</property>
	</bean>
	<bean id="adminDao" class="com.volunteerSystem.dao.AdminDaoImpl">
		<property name="hibernateTemplate">
			<ref bean="hibernateTemplate"/>
		</property>
	</bean>
	<!-- 配置业务逻辑组件 -->
	<bean id="studentService" class="com.volunteerSystem.service.StudentServiceImpl">
		<property name="studentDao">
			<ref bean="studentDao"/>
		</property>
	</bean>
	<bean id="activityService" class="com.volunteerSystem.service.ActivityServiceImpl">
		<property name="activityDao">
			<ref bean="activityDao"/>
		</property>
	</bean>
	<bean id="adminService" class="com.volunteerSystem.service.AdminServiceImpl">
		<property name="adminDao">
			<ref bean="adminDao"/>
		</property>
	</bean>
	<!-- 配置Action -->
	<bean id="registerAction" class="com.volunteerSystem.action.RegisterAction" scope="prototype">
		<property name="studentService">
			<ref bean="studentService"/>
		</property>
	</bean>
	
	<bean id="loginAction" class="com.volunteerSystem.action.LoginAction" scope="prototype">
		<property name="studentService">
			<ref bean="studentService"/>
		</property>
		<property name="adminService">
			<ref bean="adminService"/>
		</property>
	</bean>
	
	<bean id="allActivityAction" class="com.volunteerSystem.action.AllActivityAction" scope="prototype">
		<property name="activityService">
			<ref bean="activityService"/>
		</property>
	</bean>
	<bean id="uploadAction" class="com.volunteerSystem.action.UploadAction" scope="prototype">
	</bean>
</beans>
