<?xml version="1.0" encoding="utf-8"?>
<!DOCTYPE hibernate-mapping PUBLIC "-//Hibernate/Hibernate Mapping DTD 3.0//EN"
"http://www.hibernate.org/dtd/hibernate-mapping-3.0.dtd">
<!-- 
    Mapping file autogenerated by MyEclipse Persistence Tools
-->
<hibernate-mapping>
    <class name="com.volunteerSystem.po.Academy" table="academy" catalog="volunteersystem">
        <id name="acaId" type="java.lang.Integer">
            <column name="aca_id" />
            <generator class="identity" />
        </id>
        <property name="acaName" type="java.lang.String">
            <column name="aca_name" length="40" not-null="true" />
        </property>
        <property name="acaMan" type="java.lang.String">
            <column name="aca_man" length="20" not-null="true" />
        </property>
        <property name="acaManTel" type="java.lang.String">
            <column name="aca_man_tel" length="20" not-null="true" />
        </property>
        <set name="students" inverse="true">
            <key>
                <column name="academy_id" />
            </key>
            <one-to-many class="com.volunteerSystem.po.Student" />
        </set>
        <set name="activities" inverse="true">
            <key>
                <column name="academy_id" />
            </key>
            <one-to-many class="com.volunteerSystem.po.Activity" />
        </set>
        <set name="admins" inverse="true">
            <key>
                <column name="academy_id" />
            </key>
            <one-to-many class="com.volunteerSystem.po.Admin" />
        </set>
    </class>
</hibernate-mapping>
