<?xml version="1.0" encoding="utf-8"?>
<!DOCTYPE hibernate-mapping PUBLIC "-//Hibernate/Hibernate Mapping DTD 3.0//EN"
"http://www.hibernate.org/dtd/hibernate-mapping-3.0.dtd">
<!-- 
    Mapping file autogenerated by MyEclipse Persistence Tools
-->
<hibernate-mapping>
    <class name="com.volunteerSystem.po.Activity" table="activity" catalog="volunteersystem">
        <id name="actId" type="java.lang.Integer">
            <column name="act_id" />
            <generator class="identity" />
        </id>
        <many-to-one name="academy" class="com.volunteerSystem.po.Academy" fetch="select">
            <column name="academy_id" />
        </many-to-one>
        <property name="actTitle" type="java.lang.String">
            <column name="act_title" length="100" not-null="true" />
        </property>
        <property name="actContent" type="java.lang.String">
            <column name="act_content" not-null="true" />
        </property>
        <property name="actStartTime" type="java.util.Date">
            <column name="act_startTime" length="10" not-null="true" />
        </property>
        <property name="actEndTime" type="java.util.Date">
            <column name="act_endTime" length="10" not-null="true" />
        </property>
        <property name="actState" type="java.lang.String">
            <column name="act_state" length="10" not-null="true" />
        </property>
        <set name="actStuRelations" inverse="true">
            <key>
                <column name="act_id" not-null="true" />
            </key>
            <one-to-many class="com.volunteerSystem.po.ActStuRelation" />
        </set>
    </class>
</hibernate-mapping>
