<?xml version="1.0" encoding="utf-8"?>
<!DOCTYPE hibernate-mapping PUBLIC "-//Hibernate/Hibernate Mapping DTD 3.0//EN"
"http://www.hibernate.org/dtd/hibernate-mapping-3.0.dtd">
<!-- 
    Mapping file autogenerated by MyEclipse Persistence Tools
-->
<hibernate-mapping>
    <class name="com.volunteerSystem.po.ActStuRelation" table="act_stu_relation" catalog="volunteersystem">
        <composite-id name="id" class="com.volunteerSystem.po.ActStuRelationId">
            <key-property name="stuId" type="java.lang.Integer">
                <column name="stu_id" />
            </key-property>
            <key-property name="actId" type="java.lang.Integer">
                <column name="act_id" />
            </key-property>
        </composite-id>
        <many-to-one name="student" class="com.volunteerSystem.po.Student" update="false" insert="false" fetch="select">
            <column name="stu_id" not-null="true" />
        </many-to-one>
        <many-to-one name="activity" class="com.volunteerSystem.po.Activity" update="false" insert="false" fetch="select">
            <column name="act_id" not-null="true" />
        </many-to-one>
    </class>
</hibernate-mapping>
