<?xml version="1.0" encoding="utf-8"?>
<!DOCTYPE hibernate-mapping PUBLIC "-//Hibernate/Hibernate Mapping DTD 3.0//EN"
"http://www.hibernate.org/dtd/hibernate-mapping-3.0.dtd">
<!-- 
    Mapping file autogenerated by MyEclipse Persistence Tools
-->
<hibernate-mapping>
    <class name="com.volunteerSystem.po.Admin" table="admin" catalog="volunteersystem">
        <id name="admId" type="java.lang.Integer">
            <column name="adm_id" />
            <generator class="identity" />
        </id>
        <many-to-one name="academy" class="com.volunteerSystem.po.Academy" fetch="select">
            <column name="academy_id" />
        </many-to-one>
        <property name="admName" type="java.lang.String">
            <column name="adm_name" length="20" not-null="true" />
        </property>
        <property name="admPwd" type="java.lang.String">
            <column name="adm_pwd" length="20" not-null="true" />
        </property>
    </class>
</hibernate-mapping>
