<?xml version="1.0" encoding="utf-8"?>
<!DOCTYPE hibernate-mapping PUBLIC "-//Hibernate/Hibernate Mapping DTD 3.0//EN"
"http://www.hibernate.org/dtd/hibernate-mapping-3.0.dtd">
<!-- 
    Mapping file autogenerated by MyEclipse Persistence Tools
-->
<hibernate-mapping>
    <class name="com.volunteerSystem.po.Student" table="student" catalog="volunteersystem">
        <id name="stuId" type="java.lang.Integer">
            <column name="stu_id" />
            <generator class="identity" />
        </id>
        <many-to-one name="academy" class="com.volunteerSystem.po.Academy" fetch="select">
            <column name="academy_id" />
        </many-to-one>
        <property name="stuPwd" type="java.lang.String">
            <column name="stu_pwd" length="40" not-null="true" />
        </property>
        <property name="stuName" type="java.lang.String">
            <column name="stu_name" length="20" not-null="true" />
        </property>
        <property name="stuSex" type="java.lang.String">
            <column name="stu_sex" length="20" not-null="true" />
        </property>
        <property name="stuTel" type="java.lang.String">
            <column name="stu_tel" length="20" />
        </property>
        <property name="stuQq" type="java.lang.String">
            <column name="stu_qq" length="20" />
        </property>
        <set name="actStuRelations" inverse="true">
            <key>
                <column name="stu_id" not-null="true" />
            </key>
            <one-to-many class="com.volunteerSystem.po.ActStuRelation" />
        </set>
    </class>
</hibernate-mapping>
