<beans xmlns="http://www.springframework.org/schema/beans"
	xmlns:context="http://www.springframework.org/schema/context"
	xmlns:xsi="http://www.w3.org/2001/XMLSchema-instance" xmlns:mvc="http://www.springframework.org/schema/mvc"
	xsi:schemaLocation="
	http://www.springframework.org/schema/mvc  
	http://www.springframework.org/schema/mvc/spring-mvc-3.0.xsd
   http://www.springframework.org/schema/beans     
   http://www.springframework.org/schema/beans/spring-beans-3.0.xsd
   http://www.springframework.org/schema/context 
   http://www.springframework.org/schema/context/spring-context-3.0.xsd">

	<!-- Scan for spring annotated components -->
	<context:component-scan base-package="edu.uncc.vms" />

	<!-- Process annotations on registered beans like @Autowired... -->
	<context:annotation-config />
	
	<context:property-placeholder location="classpath:database.properties" order="1" ignore-unresolvable="true"/>

	<!-- This tag registers the DefaultAnnotationHandlerMapping and AnnotationMethodHandlerAdapter 
		beans that are required for Spring MVC -->
	<mvc:annotation-driven />

	<mvc:default-servlet-handler />

	<bean
		class="org.springframework.web.servlet.view.InternalResourceViewResolver">
		<property name="prefix" value="/WEB-INF/views/" />
		<property name="suffix" value=".jsp" />
	</bean>

	<!-- Initialization for data source -->
	<bean id="dataSource"
		class="org.springframework.jdbc.datasource.DriverManagerDataSource">
		<property name="driverClassName" value="com.mysql.jdbc.Driver" />
		<property name="url" value="${database.url}" />
		<property name="username" value="${database.user}" />
		<property name="password" value="${database.pass}" />
	</bean>

	<mvc:resources mapping="/resources/**" location="/resources/" />

	<mvc:resources mapping="/webjars/**"
		location="classpath:/META-INF/resources/webjars/" />

	<!-- bind messages from .properties files-->
	<bean
		class="org.springframework.context.support.ReloadableResourceBundleMessageSource"
		id="messageSource">
		<property name="basenames">
			<list>
				<value>classpath:messages</value>
			</list>
		</property>
	</bean>

</beans>