<?xml version="1.0" encoding="UTF-8"?>
<beans xmlns="http://www.springframework.org/schema/beans"
       xmlns:xsi="http://www.w3.org/2001/XMLSchema-instance"
       xmlns:context="http://www.springframework.org/schema/context"
       xmlns:aop="http://www.springframework.org/schema/aop"
       xsi:schemaLocation="http://www.springframework.org/schema/beans
        http://www.springframework.org/schema/beans/spring-beans-3.0.xsd
        http://www.springframework.org/schema/context
        http://www.springframework.org/schema/context/spring-context-3.0.xsd
        http://www.springframework.org/schema/aop
        http://www.springframework.org/schema/aop/spring-aop.xsd">
    <aop:aspectj-autoproxy/>
    <aop:config proxy-target-class="true"/>
    <context:annotation-config/>
    <context:component-scan base-package="by.pvt.dao"/>

    <!--class class specifies the path to the settings-->
    <bean class="org.springframework.beans.factory.config.PropertyPlaceholderConfigurer">
        <property name="location">
            <value>classpath:config.properties</value>
        </property>
    </bean>

    <!--class catches exceptions and translates them into spring exceptions-->
    <bean class="org.springframework.dao.annotation.PersistenceExceptionTranslationPostProcessor"/>

    <!-- settings for database access -->
    <bean id="dataSource" class="org.apache.commons.dbcp.BasicDataSource">
        <property name="url" value="${jdbc.url}"/>
        <property name="driverClassName" value="${jdbc.driverClassName}"/>
        <property name="username" value="${jdbc.username}"/>
        <property name="password" value="${jdbc.password}"/>
    </bean>

    <bean id="sessionFactory"
          class="org.springframework.orm.hibernate4.LocalSessionFactoryBean">
        <property name="dataSource" ref="dataSource"/>
        <property name="packagesToScan">
            <list>
                <value>by.pvt.pojo</value>
            </list>
        </property>

        <property name="hibernateProperties">
            <props>
                <prop key="hibernate.show_sql">${show_sql}</prop>
                <prop key="debug">${debug}</prop>
                <prop key="hibernate.dialect">${hibernate.dialect}</prop>
                <prop key="hibernate.cglib.use_reflection_optimizer">${hibernate.cglib.use_reflection_optimizer}</prop>
                <prop key="hibernate.hbm2ddl.auto">${hibernate.hbm2ddl.auto}</prop>
                <prop key="hibernate.connection.pool_size">${hibernate.connection.pool_size}</prop>
                <prop key="hibernate.c3p0.min_size">${hibernate.c3p0.min_size}</prop>
                <prop key="hibernate.c3p0.max_size">${hibernate.c3p0.max_size}</prop>
                <prop key="hibernate.c3p0.timeout">${hibernate.c3p0.timeout}</prop>
                <prop key="hibernate.c3p0.max_statements">${hibernate.c3p0.max_statements}</prop>
                <prop key="hibernate.c3p0.validate">${hibernate.c3p0.validate}</prop>
            </props>
        </property>
    </bean>
</beans>