<?xml version="1.0" encoding="UTF-8"?>
<!DOCTYPE mapper PUBLIC "-//mybatis.org//DTD Mapper 3.0//EN" "http://mybatis.org/dtd/mybatis-3-mapper.dtd">
<mapper namespace="com.github.oneone1995.mvolunteer.mapper.CertificateMapper">
  <resultMap id="BaseResultMap" type="com.github.oneone1995.mvolunteer.domain.Certificate">
    <id column="id" jdbcType="INTEGER" property="id" />
    <result column="user_id" jdbcType="INTEGER" property="userId" />
    <result column="certificate_status_id" jdbcType="INTEGER" property="certificateStatusId" />
    <result column="timestamp" jdbcType="TIMESTAMP" property="timestamp" />
    <result column="address" jdbcType="VARCHAR" property="address" />
    <result column="receiver" jdbcType="VARCHAR" property="receiver" />
    <result column="receiver_phone" jdbcType="VARCHAR" property="receiverPhone" />
  </resultMap>
  <!-- 根据user_id判断重复不插入的sql片段 -->
  <sql id="insertDistinctSql">
    <where>
      NOT EXISTS
      (
        SELECT
          user_id
        FROM
          certificate
        WHERE
          user_id = #{userId}
      )
    </where>
  </sql>
  <delete id="deleteByPrimaryKey" parameterType="java.lang.Integer">
    delete from certificate
    where id = #{id,jdbcType=INTEGER}
  </delete>

  <!-- 重写insert语句，重复则不插入 -->
  <insert id="insert" parameterType="com.github.oneone1995.mvolunteer.domain.Certificate">
    <selectKey keyProperty="id" order="AFTER" resultType="java.lang.Integer">
      SELECT LAST_INSERT_ID()
    </selectKey>
    insert into certificate (user_id, certificate_status_id,
      address, receiver, receiver_phone
      )
    SELECT #{userId,jdbcType=INTEGER}, #{certificateStatusId,jdbcType=INTEGER},
      #{address,jdbcType=VARCHAR}, #{receiver,jdbcType=VARCHAR}, #{receiverPhone,jdbcType=VARCHAR}
    FROM
      DUAL
    <include refid="insertDistinctSql"/>
  </insert>
  <update id="updateByPrimaryKey" parameterType="com.github.oneone1995.mvolunteer.domain.Certificate">
    update certificate
    set user_id = #{userId,jdbcType=INTEGER},
      certificate_status_id = #{certificateStatusId,jdbcType=INTEGER},
      timestamp = #{timestamp,jdbcType=TIMESTAMP},
      address = #{address,jdbcType=VARCHAR},
      receiver = #{receiver,jdbcType=VARCHAR},
      receiver_phone = #{receiverPhone,jdbcType=VARCHAR}
    where id = #{id,jdbcType=INTEGER}
  </update>
  <!-- 根据志愿者id更新证书状态 -->
  <update id="updateByVolunteerId">
    UPDATE
      certificate
    SET
      certificate.certificate_status_id = 2
    WHERE
      certificate.user_id = #{volunteerId}
  </update>
  <select id="selectByPrimaryKey" parameterType="java.lang.Integer" resultMap="BaseResultMap">
    select id, user_id, certificate_status_id, timestamp, address, receiver, receiver_phone
    from certificate
    where id = #{id,jdbcType=INTEGER}
  </select>
  <select id="selectAll" resultMap="BaseResultMap">
    select id, user_id, certificate_status_id, timestamp, address, receiver, receiver_phone
    from certificate
  </select>
</mapper>