<?xml version="1.0" encoding="UTF-8"?>
<!DOCTYPE mapper PUBLIC "-//mybatis.org//DTD Mapper 3.0//EN" "http://mybatis.org/dtd/mybatis-3-mapper.dtd">
<mapper namespace="com.github.oneone1995.mvolunteer.mapper.RoleMapper">
  <resultMap id="BaseResultMap" type="com.github.oneone1995.mvolunteer.domain.Role">
    <id column="id" jdbcType="INTEGER" property="id" />
    <result column="name" jdbcType="VARCHAR" property="name" />
    <result column="type" jdbcType="VARCHAR" property="type" />
  </resultMap>
  <delete id="deleteByPrimaryKey" parameterType="java.lang.Integer">
    delete from role
    where id = #{id,jdbcType=INTEGER}
  </delete>
  <insert id="insert" parameterType="com.github.oneone1995.mvolunteer.domain.Role">
    <selectKey keyProperty="id" order="AFTER" resultType="java.lang.Integer">
      SELECT LAST_INSERT_ID()
    </selectKey>
    insert into role (name, type)
    values (#{name,jdbcType=VARCHAR}, #{type,jdbcType=VARCHAR})
  </insert>
  <update id="updateByPrimaryKey" parameterType="com.github.oneone1995.mvolunteer.domain.Role">
    update role
    set name = #{name,jdbcType=VARCHAR},
      type = #{type,jdbcType=VARCHAR}
    where id = #{id,jdbcType=INTEGER}
  </update>
  <select id="selectByPrimaryKey" parameterType="java.lang.Integer" resultMap="BaseResultMap">
    select id, name, type
    from role
    where id = #{id,jdbcType=INTEGER}
  </select>
  <select id="selectAll" resultMap="BaseResultMap">
    select id, name, type
    from role
  </select>
</mapper>