<?xml version="1.0" encoding="UTF-8"?>
<beans xmlns="http://www.springframework.org/schema/beans"
	xmlns:xsi="http://www.w3.org/2001/XMLSchema-instance" 
	xmlns:context="http://www.springframework.org/schema/context"
    xmlns:tx="http://www.springframework.org/schema/tx"
	xmlns:mvc="http://www.springframework.org/schema/mvc"
	xsi:schemaLocation="
		http://www.springframework.org/schema/beans
		http://www.springframework.org/schema/beans/spring-beans.xsd
		http://www.springframework.org/schema/context
		http://www.springframework.org/schema/context/spring-context.xsd
		http://www.springframework.org/schema/mvc
		http://www.springframework.org/schema/mvc/spring-mvc.xsd
		http://www.springframework.org/schema/tx 
		http://www.springframework.org/schema/tx/spring-tx.xsd">

	<!-- Add support for component scanning -->
	<context:component-scan base-package="com.vtracker" />

	<!-- Add support for conversion, formatting and validation support -->
	<mvc:annotation-driven/>

	<!-- Define Spring MVC view resolver -->
	<bean
		class="org.springframework.web.servlet.view.InternalResourceViewResolver">
		<property name="prefix" value="/html/" />
		<property name="suffix" value=".html" />
	</bean>

    <!-- Step 1: Define Database DataSource / connection pool -->
	 <bean id="myDataSource" class="com.mchange.v2.c3p0.ComboPooledDataSource"
          destroy-method="close"> 
     <!--	<bean id="myDataSource" class="org.springframework.jdbc.datasource.DriverManagerDataSource"> -->
        <property name="driverClass" value="com.mysql.jdbc.Driver" />
        <property name="jdbcUrl" value="jdbc:mysql://localhost:3306/volunteer_database?useSSL=false" />
        <property name="user" value="admin" />
        <property name="password" value="admin123" /> 

        <!-- these are connection pool properties for C3P0  -->
        <property name="minPoolSize" value="5" />
        <property name="maxPoolSize" value="20" />
        <property name="maxIdleTime" value="30000" /> 
	</bean>  
	
    <!-- Step 2: Setup Hibernate session factory -->
	<bean id="sessionFactory"
		class="org.springframework.orm.hibernate5.LocalSessionFactoryBean">
		<property name="dataSource" ref="myDataSource" />
		<property name="packagesToScan" value="com.vtracker.entity" />
		<property name="hibernateProperties">
		   <props>
		      <prop key="hibernate.dialect">org.hibernate.dialect.MySQLDialect</prop>
		      <prop key="hibernate.show_sql">true</prop>
		   </props>
		</property>
   </bean>	  

	<!-- Step 3: Setup Hibernate transaction manager -->
	<bean id="TransactionManager"
            class="org.springframework.orm.hibernate5.HibernateTransactionManager">
        <property name="sessionFactory" ref="sessionFactory"/>
    </bean>

	<tx:annotation-driven transaction-manager="TransactionManager" />
	
	<mvc:resources location="/resources/" mapping="/resources/**"></mvc:resources>
	<mvc:resources location="/WEB-INF/html/" mapping="/html/**"></mvc:resources>
</beans>





