<?xml version="1.0" encoding="UTF-8"?>
<!DOCTYPE generatorConfiguration PUBLIC "-//mybatis.org//DTD MyBatis Generator Configuration 1.0//EN" "http://mybatis.org/dtd/mybatis-generator-config_1_0.dtd">
<generatorConfiguration>
	<!-- 数据库驱动包位置 -->
	<classPathEntry
		location="D:/Workspaces/MyEclipse 10/S4SSM/src/ojdbc14.jar" />
	<context id="DB2Tables" targetRuntime="MyBatis3">
		<commentGenerator>
			<!-- 是否去除自动生成的注释 true：是 ： false:否 -->
			<property name="suppressAllComments" value="true" />
		</commentGenerator>
		<!-- 数据库链接URL、用户名、密码 -->

		<jdbcConnection driverClass="oracle.jdbc.driver.OracleDriver"
			connectionURL="jdbc:oracle:thin:@127.0.0.1:1521:orcl"
			userId="lejia" password="le353480">
		</jdbcConnection>
		<javaTypeResolver>
			<property name="forceBigDecimals" value="false" />
		</javaTypeResolver>


		<!-- 生成模型的包名和位置 -->
		<javaModelGenerator targetPackage="cn.com.pojo"
			targetProject="D:/Workspaces/MyEclipse 10/S4SSM/src">
			<property name="enableSubPackages" value="true" />
			<property name="trimStrings" value="true" />
		</javaModelGenerator>
		<!-- 生成的映射文件包名和位置 -->
		<sqlMapGenerator targetPackage="cn.com.pojo"
			targetProject="D:/Workspaces/MyEclipse 10/S4SSM/src">
			<property name="enableSubPackages" value="true" />
		</sqlMapGenerator>
	
		<!-- 要生成那些表(更改tableName和domainObjectName就可以) -->
		<table tableName="carinfo" domainObjectName="Carinfo"
			enableCountByExample="false" enableUpdateByExample="false"
			enableDeleteByExample="false" enableSelectByExample="false"
			selectByExampleQueryId="false" />
		<table tableName="basicinfo" domainObjectName="Basicinfo"
			enableCountByExample="false" enableUpdateByExample="false"
			enableDeleteByExample="false" enableSelectByExample="false"
			selectByExampleQueryId="false" />
		<table tableName="carage" domainObjectName="Carage"
			enableCountByExample="false" enableUpdateByExample="false"
			enableDeleteByExample="false" enableSelectByExample="false"
			selectByExampleQueryId="false" />
			<table tableName="carbrand" domainObjectName="Carbrand"
			enableCountByExample="false" enableUpdateByExample="false"
			enableDeleteByExample="false" enableSelectByExample="false"
			selectByExampleQueryId="false" />
			<table tableName="Cartype" domainObjectName="Cartype"
			enableCountByExample="false" enableUpdateByExample="false"
			enableDeleteByExample="false" enableSelectByExample="false"
			selectByExampleQueryId="false" />
			<table tableName="Comment1" domainObjectName="Comment1"
			enableCountByExample="false" enableUpdateByExample="false"
			enableDeleteByExample="false" enableSelectByExample="false"
			selectByExampleQueryId="false" />
			<table tableName="Distance" domainObjectName="Distance"
			enableCountByExample="false" enableUpdateByExample="false"
			enableDeleteByExample="false" enableSelectByExample="false"
			selectByExampleQueryId="false" />
			<table tableName="Emissionstandard" domainObjectName="Emissionstandard"
			enableCountByExample="false" enableUpdateByExample="false"
			enableDeleteByExample="false" enableSelectByExample="false"
			selectByExampleQueryId="false" />
			<table tableName="Hardwareconfig" domainObjectName="Hardwareconfig"
			enableCountByExample="false" enableUpdateByExample="false"
			enableDeleteByExample="false" enableSelectByExample="false"
			selectByExampleQueryId="false" />
			<table tableName="Imagesinfo" domainObjectName="Imagesinfo"
			enableCountByExample="false" enableUpdateByExample="false"
			enableDeleteByExample="false" enableSelectByExample="false"
			selectByExampleQueryId="false" />
			<table tableName="Model" domainObjectName="Model"
			enableCountByExample="false" enableUpdateByExample="false"
			enableDeleteByExample="false" enableSelectByExample="false"
			selectByExampleQueryId="false" />
			<table tableName="Personcar" domainObjectName="Personcar"
			enableCountByExample="false" enableUpdateByExample="false"
			enableDeleteByExample="false" enableSelectByExample="false"
			selectByExampleQueryId="false" />
			<table tableName="Personneed" domainObjectName="Personneed"
			enableCountByExample="false" enableUpdateByExample="false"
			enableDeleteByExample="false" enableSelectByExample="false"
			selectByExampleQueryId="false" />
			<table tableName="Priceinterval" domainObjectName="Priceinterval"
			enableCountByExample="false" enableUpdateByExample="false"
			enableDeleteByExample="false" enableSelectByExample="false"
			selectByExampleQueryId="false" />
			<table tableName="Procedureinfo" domainObjectName="Procedureinfo"
			enableCountByExample="false" enableUpdateByExample="false"
			enableDeleteByExample="false" enableSelectByExample="false"
			selectByExampleQueryId="false" />
			<table tableName="Sellinfo" domainObjectName="Sellinfo"
			enableCountByExample="false" enableUpdateByExample="false"
			enableDeleteByExample="false" enableSelectByExample="false"
			selectByExampleQueryId="false" />
			<table tableName="Systemconfig" domainObjectName="Systemconfig"
			enableCountByExample="false" enableUpdateByExample="false"
			enableDeleteByExample="false" enableSelectByExample="false"
			selectByExampleQueryId="false" />
			<table tableName="Trends" domainObjectName="Trends"
			enableCountByExample="false" enableUpdateByExample="false"
			enableDeleteByExample="false" enableSelectByExample="false"
			selectByExampleQueryId="false" />
			<table tableName="Userinfo3" domainObjectName="Userinfo3"
			enableCountByExample="false" enableUpdateByExample="false"
			enableDeleteByExample="false" enableSelectByExample="false"
			selectByExampleQueryId="false" />
	</context>
</generatorConfiguration>