<?xml version="1.0" encoding="UTF-8" ?>
<!DOCTYPE mapper PUBLIC "-//mybatis.org//DTD Mapper 3.0//EN" "http://mybatis.org/dtd/mybatis-3-mapper.dtd">
<mapper namespace="com.bjb.dao.VolScoreDao">
	<resultMap id="volScoreResultMap" type="com.bjb.entity.VolScore">
		<id column="scoreId" property="id" jdbcType="INTEGER" />
		<result column="organizationId" property="organizationId" jdbcType="INTEGER" />
		<result column="volunteerId" property="volunteerId" jdbcType="INTEGER" />
		<result column="currentScore" property="currentScore" jdbcType="INTEGER" />
		<result column="totalScore" property="totalScore" jdbcType="INTEGER" />
	</resultMap>
	
	<sql id="columns">
		scoreId, organizationId, volunteerId, currentScore, totalScore
	</sql>
	
	<sql id="insertValues">
		null,
		#{organizationId, jdbcType=INTEGER},
		#{volunteerId, jdbcType=INTEGER},
		#{currentScore, jdbcType=INTEGER},
		#{totalScore, jdbcType=INTEGER}
	</sql>
	
	<sql id="insertListValues">
		null,
		#{dto.organizationId, jdbcType=INTEGER},
		#{dto.volunteerId, jdbcType=INTEGER},
		#{dto.currentScore, jdbcType=INTEGER},
		#{dto.totalScore, jdbcType=INTEGER}
	</sql>
	
	<sql id="updateValues">
		scoreId=#{id, jdbcType=INTEGER},
		organizationId=#{organizationId, jdbcType=INTEGER},
		volunteerId=#{volunteerId, jdbcType=INTEGER},
		currentScore=#{currentScore, jdbcType=INTEGER},
		totalScore=#{totalScore, jdbcType=INTEGER}
	</sql>
	
	<sql id="updateListValues">
		scoreId=#{dto.id, jdbcType=INTEGER},
		organizationId=#{dto.organizationId, jdbcType=INTEGER},
		volunteerId=#{dto.volunteerId, jdbcType=INTEGER},
		currentScore=#{dto.currentScore, jdbcType=INTEGER},
		totalScore=#{dto.totalScore, jdbcType=INTEGER}
	</sql>
	
	<sql id="updatePartialValues">
		scoreId=#{id, jdbcType=INTEGER}
		<if test="organizationId != null">
			<trim prefix=",">
				organizationId=#{organizationId, jdbcType=INTEGER}
			</trim>
		</if>
		<if test="volunteerId != null">
			<trim prefix=",">
				volunteerId=#{volunteerId, jdbcType=INTEGER}
			</trim>
		</if>
		<if test="currentScore != null">
			<trim prefix=",">
				currentScore=#{currentScore, jdbcType=INTEGER}
			</trim>
		</if>
		<if test="totalScore != null">
			<trim prefix=",">
				totalScore=#{totalScore, jdbcType=INTEGER}
			</trim>
		</if>
	</sql>
	
	<sql id="whereCondition">
	</sql>
	
	<select id="count" resultType="int">
		select count(scoreId)
		from vol_score
	</select>
	
	<select id="countByDto" resultType="int" parameterType="VolScore">
		select count(scoreId)
		from vol_score
		where 1=1 <include refid="whereCondition"/>
	</select>
	
	<select id="findById" resultMap="volScoreResultMap" parameterType="int">
		select <include refid="columns"/>
		from vol_score
		where scoreId = #{id}
	</select>
	
	<select id="findAll" resultMap="volScoreResultMap">
		select <include refid="columns"/>
		from vol_score
		order by scoreId desc
	</select>
	
	<select id="findByDto" resultMap="volScoreResultMap" parameterType="VolScore">
		select <include refid="columns"/>
		from vol_score
		where 1=1 <include refid="whereCondition"/>
		order by scoreId desc
		<if test="start != null">
			limit #{start}, #{end}
		</if>
	</select>
	
	<insert id="insert" parameterType="VolScore">
		insert into vol_score
		(<include refid="columns"/>)
		values(<include refid="insertValues"/>);
		<selectKey resultType="int" keyProperty="id">
			select last_insert_id()
		</selectKey>
	</insert>
	
	<insert id="insertList" parameterType="java.util.List">
		insert into vol_score
		(<include refid="columns"/>)
		values
			<foreach collection="list" item="dto" index="index" separator=",">
				(<include refid="insertListValues"/>)
			</foreach>
	</insert>
	
	<update id="update" parameterType="VolScore">
		update vol_score
		set <include refid="updateValues"/>
		where scoreId = #{id}
	</update>
	
	<!--update id="updateList" parameterType="java.util.List">
		update vol_score
		set <include refid="updateListValues"/>
		where scoreId in
		<foreach collection="list" item="dto" open="(" separator="," close=")">
			#{dto.id}
		</foreach>
	</update-->
	
	<update id="updatePartial" parameterType="VolScore">
		update vol_score
		set <include refid="updatePartialValues"/>
		where scoreId = #{id}
	</update>
	
	<delete id="delete" parameterType="int">
		delete from vol_score
		where scoreId = #{id}
	</delete>
	
	<delete id="deleteList" parameterType="java.util.List">
		delete from vol_score
		where scoreId in
		<foreach collection="list" item="id" open="(" separator="," close=")">
			#{id}
		</foreach>
	</delete>
</mapper>
