<?xml version="1.0" encoding="UTF-8" ?>
<!DOCTYPE mapper PUBLIC "-//mybatis.org//DTD Mapper 3.0//EN" "http://mybatis.org/dtd/mybatis-3-mapper.dtd">
<mapper namespace="com.bjb.dao.VolScoreStarDao">
	<resultMap id="volScoreStarResultMap" type="com.bjb.entity.VolScoreStar">
		<id column="scoreTypeId" property="id" jdbcType="INTEGER" />
		<result column="scoreTypeName" property="scoreTypeName" jdbcType="VARCHAR" />
		<result column="scoreNumber" property="scoreNumber" jdbcType="INTEGER" />
		<result column="scoreTypePic" property="scoreTypePic" jdbcType="VARCHAR" />
		<result column="createDate" property="createDate" jdbcType="TIMESTAMP" />
		<result column="createId" property="createId" jdbcType="INTEGER" />
	</resultMap>
	
	<sql id="columns">
		scoreTypeId, scoreTypeName, scoreNumber, scoreTypePic, createDate, createId
	</sql>
	
	<sql id="insertValues">
		null,
		#{scoreTypeName, jdbcType=VARCHAR},
		#{scoreNumber, jdbcType=INTEGER},
		#{scoreTypePic, jdbcType=VARCHAR},
		#{createDate, jdbcType=TIMESTAMP},
		#{createId, jdbcType=INTEGER}
	</sql>
	
	<sql id="insertListValues">
		null,
		#{dto.scoreTypeName, jdbcType=VARCHAR},
		#{dto.scoreNumber, jdbcType=INTEGER},
		#{dto.scoreTypePic, jdbcType=VARCHAR},
		#{dto.createDate, jdbcType=TIMESTAMP},
		#{dto.createId, jdbcType=INTEGER}
	</sql>
	
	<sql id="updateValues">
		scoreTypeId=#{id, jdbcType=INTEGER},
		scoreTypeName=#{scoreTypeName, jdbcType=VARCHAR},
		scoreNumber=#{scoreNumber, jdbcType=INTEGER},
		scoreTypePic=#{scoreTypePic, jdbcType=VARCHAR},
		createDate=#{createDate, jdbcType=TIMESTAMP},
		createId=#{createId, jdbcType=INTEGER}
	</sql>
	
	<sql id="updateListValues">
		scoreTypeId=#{dto.id, jdbcType=INTEGER},
		scoreTypeName=#{dto.scoreTypeName, jdbcType=VARCHAR},
		scoreNumber=#{dto.scoreNumber, jdbcType=INTEGER},
		scoreTypePic=#{dto.scoreTypePic, jdbcType=VARCHAR},
		createDate=#{dto.createDate, jdbcType=TIMESTAMP},
		createId=#{dto.createId, jdbcType=INTEGER}
	</sql>
	
	<sql id="updatePartialValues">
		scoreTypeId=#{id, jdbcType=INTEGER}
		<if test="scoreTypeName != null">
			<trim prefix=",">
				scoreTypeName=#{scoreTypeName, jdbcType=VARCHAR}
			</trim>
		</if>
		<if test="scoreNumber != null">
			<trim prefix=",">
				scoreNumber=#{scoreNumber, jdbcType=INTEGER}
			</trim>
		</if>
		<if test="scoreTypePic != null">
			<trim prefix=",">
				scoreTypePic=#{scoreTypePic, jdbcType=VARCHAR}
			</trim>
		</if>
		<if test="createDate != null">
			<trim prefix=",">
				createDate=#{createDate, jdbcType=TIMESTAMP}
			</trim>
		</if>
		<if test="createId != null">
			<trim prefix=",">
				createId=#{createId, jdbcType=INTEGER}
			</trim>
		</if>
	</sql>
	
	<sql id="whereCondition">
	</sql>
	
	<select id="count" resultType="int">
		select count(scoreTypeId)
		from vol_score_star
	</select>
	
	<select id="countByDto" resultType="int" parameterType="VolScoreStar">
		select count(scoreTypeId)
		from vol_score_star
		where 1=1 <include refid="whereCondition"/>
	</select>
	
	<select id="findById" resultMap="volScoreStarResultMap" parameterType="int">
		select <include refid="columns"/>
		from vol_score_star
		where scoreTypeId = #{id}
	</select>
	
	<select id="findAll" resultMap="volScoreStarResultMap">
		select <include refid="columns"/>
		from vol_score_star
		order by scoreTypeId desc
	</select>
	
	<select id="findByDto" resultMap="volScoreStarResultMap" parameterType="VolScoreStar">
		select <include refid="columns"/>
		from vol_score_star
		where 1=1 <include refid="whereCondition"/>
		order by scoreTypeId desc
		<if test="start != null">
			limit #{start}, #{end}
		</if>
	</select>
	
	<insert id="insert" parameterType="VolScoreStar">
		insert into vol_score_star
		(<include refid="columns"/>)
		values(<include refid="insertValues"/>);
		<selectKey resultType="int" keyProperty="id">
			select last_insert_id()
		</selectKey>
	</insert>
	
	<insert id="insertList" parameterType="java.util.List">
		insert into vol_score_star
		(<include refid="columns"/>)
		values
			<foreach collection="list" item="dto" index="index" separator=",">
				(<include refid="insertListValues"/>)
			</foreach>
	</insert>
	
	<update id="update" parameterType="VolScoreStar">
		update vol_score_star
		set <include refid="updateValues"/>
		where scoreTypeId = #{id}
	</update>
	
	<!--update id="updateList" parameterType="java.util.List">
		update vol_score_star
		set <include refid="updateListValues"/>
		where scoreTypeId in
		<foreach collection="list" item="dto" open="(" separator="," close=")">
			#{dto.id}
		</foreach>
	</update-->
	
	<update id="updatePartial" parameterType="VolScoreStar">
		update vol_score_star
		set <include refid="updatePartialValues"/>
		where scoreTypeId = #{id}
	</update>
	
	<delete id="delete" parameterType="int">
		delete from vol_score_star
		where scoreTypeId = #{id}
	</delete>
	
	<delete id="deleteList" parameterType="java.util.List">
		delete from vol_score_star
		where scoreTypeId in
		<foreach collection="list" item="id" open="(" separator="," close=")">
			#{id}
		</foreach>
	</delete>
</mapper>
