<?xml version="1.0" encoding="UTF-8"?>
<beans xmlns="http://www.springframework.org/schema/beans"
       xmlns:xsi="http://www.w3.org/2001/XMLSchema-instance"
       xmlns:mvc="http://www.springframework.org/schema/mvc"
       xmlns:context="http://www.springframework.org/schema/context"
       xsi:schemaLocation="http://www.springframework.org/schema/beans
       http://www.springframework.org/schema/beans/spring-beans.xsd
       http://www.springframework.org/schema/mvc
       http://www.springframework.org/schema/mvc/spring-mvc-4.0.xsd
       http://www.springframework.org/schema/context
       http://www.springframework.org/schema/context/spring-context-3.0.xsd">

    <!--imports configurations from other modules -->
    <import resource="classpath*:service-config.xml"/>
    <import resource="classpath*:dao-config.xml"/>

    <mvc:annotation-driven/>
    <context:component-scan base-package="by.pvt"/>

    <!-- show path to UI resources files-->
    <mvc:resources mapping="/resources/**" location="/resources/"/>

    <bean id="viewResolver"
          class="org.springframework.web.servlet.view.InternalResourceViewResolver">
        <property name="prefix" value="/WEB-INF/pages/"/>
        <property name="suffix" value=".jsp"/>
    </bean>

    <bean id="localeResolver"
          class="org.springframework.web.servlet.i18n.SessionLocaleResolver">
        <property name="defaultLocale" value="ru"/>
    </bean>

    <!-- show path to resource bundle messages-->
    <bean id="messageSource" class="org.springframework.context.support.ReloadableResourceBundleMessageSource">
        <property name="basename" value="classpath:I18N/message"/>
        <property name="defaultEncoding" value="UTF-8"/>
    </bean>

    <mvc:interceptors>
        <bean class="org.springframework.web.servlet.i18n.LocaleChangeInterceptor">
            <property name="paramName" value="locale"/>
        </bean>
    </mvc:interceptors>
</beans>