<?xml version="1.0" encoding="UTF-8"?>
<beans xmlns="http://www.springframework.org/schema/beans"
    xmlns:xsi="http://www.w3.org/2001/XMLSchema-instance" xmlns:p="http://www.springframework.org/schema/p"
    xmlns:context="http://www.springframework.org/schema/context"
    xmlns:mvc="http://www.springframework.org/schema/mvc"
    xsi:schemaLocation="  
     http://www.springframework.org/schema/beans   
     http://www.springframework.org/schema/beans/spring-beans-4.0.xsd  
     http://www.springframework.org/schema/context  
     http://www.springframework.org/schema/context/spring-context-4.0.xsd  
     http://www.springframework.org/schema/mvc  
     http://www.springframework.org/schema/mvc/spring-mvc-4.0.xsd  
     ">

    <!-- 启用spring mvc 注解 -->
    <context:annotation-config />
    
    <!-- 设置使用注解的类所在的jar包 -->
    <context:component-scan base-package="com.taoxiuxia.controller" />

    <!-- 完成请求和注解POJO的映射 -->
    <bean class="org.springframework.web.servlet.mvc.annotation.AnnotationMethodHandlerAdapter" />

    <!-- 对转向页面的路径解析。prefix：前缀， suffix：后缀 -->
    <bean class="org.springframework.web.servlet.view.InternalResourceViewResolver"
        p:prefix="/" p:suffix=".jsp" />
	
	<mvc:annotation-driven content-negotiation-manager="contentNegotiationManager"/>
    <bean id="contentNegotiationManager" class="org.springframework.web.accept.ContentNegotiationManagerFactoryBean">
        <property name="favorPathExtension" value="false" />
    </bean>
    <bean id="jsonConverter" class="org.springframework.http.converter.json.MappingJackson2HttpMessageConverter"></bean>  

    <bean id="stringConverter"  
        class="org.springframework.http.converter.StringHttpMessageConverter">  
        <property name="supportedMediaTypes">  
            <list>  
                <value>text/plain;charset=UTF-8</value>  
            </list>  
        </property>  
    </bean>  

    <bean class="org.springframework.web.servlet.mvc.annotation.AnnotationMethodHandlerAdapter">  
        <property name="messageConverters">  
            <list>  
                <ref bean="stringConverter" />  
                <ref bean="jsonConverter" />  
            </list>  
        </property>  
    </bean> 
</beans>