<?xml version="1.0" encoding="UTF-8"?>
<beans xmlns="http://www.springframework.org/schema/beans"
       xmlns:xsi="http://www.w3.org/2001/XMLSchema-instance"
       xmlns:context="http://www.springframework.org/schema/context"
       xsi:schemaLocation="http://www.springframework.org/schema/beans http://www.springframework.org/schema/beans/spring-beans.xsd
       http://www.springframework.org/schema/context http://www.springframework.org/schema/context/spring-context.xsd">

    <context:property-placeholder location="classpath:jdbc.properties,classpath:config.properties" ignore-unresolvable="true" />

    <!-- 阿里 druid 数据库连接池 -->
    <bean id = "dataSource" class = "com.alibaba.druid.pool.DruidDataSource" destroy-method = "close" >
        <!-- 数据库基本信息配置 -->
        <property name = "url" value = "${sqlurl}" />
        <property name = "username" value = "${username}" />
        <property name = "password" value = "${password}" />
        <property name = "driverClassName" value = "${driverClassName}" />
        <property name = "filters" value = "${filters}" />
        <!-- 最大并发连接数 -->
        <property name = "maxActive" value = "${maxActive}" />
        <!-- 初始化连接数量 -->
        <property name = "initialSize" value = "${initialSize}" />
        <!-- 配置获取连接等待超时的时间 -->
        <property name = "maxWait" value = "${maxWait}" />
        <!-- 最小空闲连接数 -->
        <property name = "minIdle" value = "${minIdle}" />
        <!-- 配置间隔多久才进行一次检测，检测需要关闭的空闲连接，单位是毫秒 -->
        <property name = "timeBetweenEvictionRunsMillis" value ="${timeBetweenEvictionRunsMillis}" />
        <!-- 配置一个连接在池中最小生存的时间，单位是毫秒 -->
        <property name = "minEvictableIdleTimeMillis" value ="${minEvictableIdleTimeMillis}" />
        <property name = "validationQuery" value = "${validationQuery}" />
        <property name = "testWhileIdle" value = "${testWhileIdle}" />
        <property name = "testOnBorrow" value = "${testOnBorrow}" />
        <property name = "testOnReturn" value = "${testOnReturn}" />
        <property name = "maxOpenPreparedStatements" value ="${maxOpenPreparedStatements}" />
        <!-- 打开 removeAbandoned 功能 -->
        <property name = "removeAbandoned" value = "${removeAbandoned}" />
        <!-- 1800 秒，也就是 30 分钟 -->
        <property name = "removeAbandonedTimeout" value ="${removeAbandonedTimeout}" />
        <!-- 关闭 abanded 连接时输出错误日志 -->
        <property name = "logAbandoned" value = "${logAbandoned}" />
    </bean>
    <!--不交由spring 管理事务 spring 管理事务会导致不能切换目标数据库-->
    <bean id="managedTransactionFactory" class="org.apache.ibatis.transaction.managed.ManagedTransactionFactory"/>
    <bean class="org.mybatis.spring.SqlSessionFactoryBean" id="readSqlSessionFactory">
        <property name="dataSource" ref="dataSource"/>
        <property name="transactionFactory" ref="managedTransactionFactory"></property>
        <property name="mapperLocations" value="classpath:mybatis/mappers/read/**/*.xml"/>
    </bean>

    <bean class="org.mybatis.spring.mapper.MapperScannerConfigurer" id="readMapperScannerConfigurer">
        <property name="basePackage" value="com.hfuu.dao.read"/>
        <property name="sqlSessionFactoryBeanName" value="readSqlSessionFactory"/>
    </bean>

    <!--配置写数据库 -->
    <bean class="org.mybatis.spring.SqlSessionFactoryBean" id="writeSqlSessionFactory">
        <property name="dataSource" ref="dataSource"/>
        <property name="transactionFactory" ref="managedTransactionFactory"></property>
        <property name="mapperLocations" value="classpath:mybatis/mappers/write/**/*.xml"/>
    </bean>

    <bean class="org.mybatis.spring.mapper.MapperScannerConfigurer" id="writeMapperScannerConfigurer">
        <property name="basePackage" value="com.hfuu.dao.write"/>
        <property name="sqlSessionFactoryBeanName" value="readSqlSessionFactory"/>
    </bean>
</beans>