<?xml version="1.0" encoding="UTF-8"?>
<beans xmlns="http://www.springframework.org/schema/beans"
       xmlns:mvc="http://www.springframework.org/schema/mvc" xmlns:xsi="http://www.w3.org/2001/XMLSchema-instance"
       xsi:schemaLocation="http://www.springframework.org/schema/beans http://www.springframework.org/schema/beans/spring-beans.xsd
       http://www.springframework.org/schema/mvc http://www.springframework.org/schema/mvc/spring-mvc.xsd">

    <mvc:annotation-driven />
    <mvc:default-servlet-handler />

    <!--<mvc:interceptors>-->
    <!--<mvc:interceptor>-->
    <!--<mvc:mapping path="/**"/>-->
    <!--<mvc:exclude-mapping path="/" />-->
    <!--<mvc:exclude-mapping path="/robots.txt" />-->
    <!--<mvc:exclude-mapping path="/error.do" />-->
    <!--<mvc:exclude-mapping path="/login" />-->
    <!--<mvc:exclude-mapping path="/logout" />-->
    <!--<mvc:exclude-mapping path="/assets/**" />-->
    <!--<mvc:exclude-mapping path="/easyui/**" />-->
    <!--<mvc:exclude-mapping path="/scripts/**" />-->
    <!--<mvc:exclude-mapping path="/isLive.action"/>-->
    <!--<bean class="com.manyi.iw.agent.report.interceptor.AgentLoginFilter"></bean>-->
    <!--</mvc:interceptor>-->
    <!--</mvc:interceptors>-->

    <!-- 定义无Controller的path<->view直接映射 -->
    <!--<mvc:view-controller path="/" view-name="redirect:/admin/index"/>-->
</beans>