<?xml version="1.0" encoding="UTF-8"?>
<beans xmlns="http://www.springframework.org/schema/beans"
	xmlns:xsi="http://www.w3.org/2001/XMLSchema-instance"
	xmlns:p="http://www.springframework.org/schema/p"
	xmlns:c="http://www.springframework.org/schema/c"
	xmlns:util="http://www.springframework.org/schema/util"
	xmlns:aop="http://www.springframework.org/schema/aop"
	xmlns:mvc="http://www.springframework.org/schema/mvc"
	xmlns:tx="http://www.springframework.org/schema/tx"
	xmlns:context="http://www.springframework.org/schema/context"
	xmlns:ehcache="http://www.springmodules.org/schema/ehcache"
	xsi:schemaLocation="http://www.springframework.org/schema/beans http://www.springframework.org/schema/beans/spring-beans-4.3.xsd
		http://www.springframework.org/schema/util http://www.springframework.org/schema/util/spring-util-4.3.xsd
		http://www.springframework.org/schema/tx http://www.springframework.org/schema/tx/spring-tx-4.3.xsd
		http://www.springframework.org/schema/context http://www.springframework.org/schema/context/spring-context-4.3.xsd
		http://www.springframework.org/schema/mvc http://www.springframework.org/schema/mvc/spring-mvc-4.3.xsd
		http://www.springframework.org/schema/aop http://www.springframework.org/schema/aop/spring-aop-4.3.xsd
		http://www.springmodules.org/schema/ehcache http://www.springmodules.org/schema/cache/springmodules-ehcache.xsd">
	<!-- 引入属性文件 -->
	<context:property-placeholder location="classpath:jdbc.properties" />
	<!-- 配置数据源 -->
	<bean id="dataSource" class="com.mchange.v2.c3p0.ComboPooledDataSource"
		destroy-method="close">
		<property name="driverClass" value="${db.driver}" />
		<property name="jdbcUrl" value="${db.url}" />
		<property name="user" value="${db.username}" />
		<property name="password" value="${db.password}" />
		<property name="minPoolSize" value="1" />
		<property name="maxPoolSize" value="20" />
		<property name="maxIdleTime" value="1800" />
		<property name="acquireIncrement" value="2" />
		<property name="maxStatements" value="0" />
		<property name="initialPoolSize" value="2" />
		<property name="idleConnectionTestPeriod" value="1800" />
		<property name="acquireRetryAttempts" value="30" />
		<property name="breakAfterAcquireFailure" value="true" />
		<property name="testConnectionOnCheckout" value="false" />
	</bean>
	
	<!-- myBatis文件 -->
	<bean id="sqlSessionFactory" class="org.mybatis.spring.SqlSessionFactoryBean">
		<property name="dataSource" ref="dataSource" />
		<!-- 自动扫描entity目录, 省掉Configuration.xml里的手工配置 -->
		<property name="configLocation" value="classpath:mybatis/config.xml" />
		<property name="mapperLocations" value="classpath:mybatis/mybatis-*.xml" />
	</bean>

	<bean class="org.mybatis.spring.mapper.MapperScannerConfigurer">
		<property name="basePackage"  value="com.gray.*.dao" />
		<property name="sqlSessionFactoryBeanName" value="sqlSessionFactory" />
	</bean>
	<!-- 配置事物的注解方式注入 -->
	<tx:annotation-driven transaction-manager="transactionManager"/>
	<!-- 配置事务管理器 -->
	<bean id="transactionManager" class="org.springframework.jdbc.datasource.DataSourceTransactionManager">
	  <property name="dataSource" ref="dataSource" />
	</bean>

	<bean id="sqlSession" class="org.mybatis.spring.SqlSessionTemplate">
          <constructor-arg index="0" ref="sqlSessionFactory" />   
          <constructor-arg index="1" value="BATCH" />  
     </bean>  

</beans>