<?xml version="1.0" encoding="UTF-8"?>
<beans xmlns="http://www.springframework.org/schema/beans"
	xmlns:xsi="http://www.w3.org/2001/XMLSchema-instance"
	xmlns:webflow-config="http://www.springframework.org/schema/webflow-config"
	xmlns:context="http://www.springframework.org/schema/context"
	xmlns:mvc="http://www.springframework.org/schema/mvc"
	xmlns:p="http://www.springframework.org/schema/p"
	xmlns:util="http://www.springframework.org/schema/util"
	xsi:schemaLocation="http://www.springframework.org/schema/webflow-config http://www.springframework.org/schema/webflow-config/spring-webflow-config-2.3.xsd
		http://www.springframework.org/schema/mvc http://www.springframework.org/schema/mvc/spring-mvc-4.0.xsd
		http://www.springframework.org/schema/beans http://www.springframework.org/schema/beans/spring-beans.xsd
		http://www.springframework.org/schema/context http://www.springframework.org/schema/context/spring-context-4.0.xsd
		http://www.springframework.org/schema/util http://www.springframework.org/schema/util/spring-util-4.0.xsd">

	<mvc:annotation-driven enable-matrix-variables="true"
		validator="validator" />

	<mvc:resources location="/resources/" mapping="/resource/**" />

	<context:component-scan base-package="com.michal.carRental" use-default-filters="false" >
		<context:include-filter type="annotation" expression="org.springframework.stereotype.Controller"/>
	</context:component-scan>

	<mvc:interceptors>
		<bean class="com.michal.carRental.interceptor.PerformanceMonitorInterceptor" />
		<bean class="org.springframework.web.servlet.i18n.LocaleChangeInterceptor">
			<property name="paramName" value="language" />
		</bean>
		<bean class="com.michal.carRental.interceptor.AuditingInterceptor" />
	</mvc:interceptors>

	<bean id="messageSource"
		class="org.springframework.context.support.ResourceBundleMessageSource">
		<property name="basename" value="messages" />
	</bean>

	<bean id="localeResolver"
		class="org.springframework.web.servlet.i18n.SessionLocaleResolver">
		<property name="defaultLocale" value="pl" />
	</bean>

	<bean
		class="org.springframework.web.servlet.view.InternalResourceViewResolver">
		<property name="prefix" value="/WEB-INF/view/" />
		<property name="suffix" value=".jsp" />
	</bean>


	<!-- Tiles -->


	<bean id="tilesViewResolver"
		class="org.springframework.web.servlet.view.UrlBasedViewResolver">
		<property name="viewClass"
			value="org.springframework.web.servlet.view.tiles3.TilesView" />
		<property name="order" value="-2" />
	</bean>

	<bean id="tilesConfigurer"
		class="org.springframework.web.servlet.view.tiles3.TilesConfigurer">
		<property name="definitions">
			<list>
				<value>/WEB-INF/tiles/definition/tile-definition.xml</value>
			</list>
		</property>
	</bean>

	<bean id="validator"
		class="org.springframework.validation.beanvalidation.LocalValidatorFactoryBean">
		<property name="validationMessageSource" ref="messageSource" />
	</bean>
	<!-- End Tiles -->

	<!-- Json and XMl view
	<bean
		class="org.springframework.web.servlet.view.ContentNegotiatingViewResolver">
		<property name="mediaTypes">
			<map>
				<entry key="json" value="application/json;charset=UTF-8" />
				<entry key="xml" value="application/xml;charset=UTF-8" />
				<entry key="html" value="text/html;charset=UTF-8" />
			</map>
		</property>
		<property name="defaultViews">
			<list>
				<ref bean="jsonView" />
				<ref bean="xmlView" />
			</list>
		</property>
	</bean>

	<bean id="jsonView"
		class="org.springframework.web.servlet.view.json.MappingJacksonJsonView">
		<property name="prettyPrint" value="true" />
	</bean>


	<bean id="xmlView"
		class="org.springframework.web.servlet.view.xml.MarshallingView">
		<constructor-arg>
			<bean class="org.springframework.oxm.jaxb.Jaxb2Marshaller">
				<property name="classesToBeBound">
					<list>
						<value>com.michal.carRental.domain.User</value>
					</list>
				</property>
			</bean>
		</constructor-arg>
	</bean>
	 -->

	<!--End Json and XMl view -->

	<!-- WebFlow -->

	<webflow-config:flow-executor id="flowExecutor">
		<webflow-config:flow-execution-listeners>
			<webflow-config:listener ref="securityFlowExecutionListener"/>
		</webflow-config:flow-execution-listeners>
	</webflow-config:flow-executor>
	
	<bean id="securityFlowExecutionListener" class="org.springframework.webflow.security.SecurityFlowExecutionListener" />
	
	
	<webflow-config:flow-registry id="flowRegistry" flow-builder-services="flowBuilderServices">
		<webflow-config:flow-location path="/WEB-INF/flows/renting/renting-flow.xml" id="renting"/>
	</webflow-config:flow-registry>
	
	
	
	<bean id="flowHandlerMapping" class="org.springframework.webflow.mvc.servlet.FlowHandlerMapping">
		<property name="flowRegistry" ref="flowRegistry" />
	</bean>
	
	<bean id="flowHandlerAdapter" class="org.springframework.webflow.mvc.servlet.FlowHandlerAdapter">
		<property name="flowExecutor" ref="flowExecutor" />
	</bean>

	<webflow-config:flow-builder-services id="flowBuilderServices" development="true" validator="validator" />

	<util:properties id="reCaptcha" location="classpath:/spring/reCaptcha.properties" />

</beans>