<beans:beans xmlns="http://www.springframework.org/schema/security"
	xmlns:beans="http://www.springframework.org/schema/beans" xmlns:xsi="http://www.w3.org/2001/XMLSchema-instance"
	xmlns:context="http://www.springframework.org/schema/context"
	xsi:schemaLocation="http://www.springframework.org/schema/beans 
                    http://www.springframework.org/schema/beans/spring-beans-3.0.xsd
                    http://www.springframework.org/schema/security 
                    http://www.springframework.org/schema/security/spring-security-3.1.xsd
                    http://www.springframework.org/schema/context
					http://www.springframework.org/schema/context/spring-context-4.0.xsd">

	<http auto-config="true" use-expressions="true">
	 <intercept-url pattern="/adminPage/**" access="hasRole('ROLE_ADMIN')"/>
	 <intercept-url pattern="/adminPage" access="hasRole('ROLE_ADMIN')"/>  
	 <intercept-url pattern="/userPage" access="isAuthenticated()"/><!-- this means all URL in this app will be checked if user is authenticated -->
		<form-login login-page="/login" authentication-success-handler-ref="authHandler" 
			authentication-failure-url="/loginfailed" /> 
		<logout logout-success-url="/" />
	</http>



	<authentication-manager>
		<authentication-provider user-service-ref="userDetailsService" >
			<password-encoder ref="bcryptEncoder" />
		</authentication-provider>
	</authentication-manager>
 

</beans:beans>