<?xml version="1.0" encoding="UTF-8"?>
<!DOCTYPE hibernate-configuration PUBLIC
	"-//Hibernate/Hibernate Configuration DTD 3.0//EN"
	"http://hibernate.sourceforge.net/hibernate-configuration-3.0.dtd">
<hibernate-configuration>
	<session-factory>
	    
		<property name="hibernate.dialect">org.hibernate.dialect.MySQL5Dialect</property>
		<property name="hibernate.hbm2ddl.auto">update</property>
	    <property name="hibernate.show_sql">true</property>
		<!-- 开启二级缓存 -->
		<property name="hibernate.cache.use_second_level_cache">true</property>
		<!-- 缓存类型程序 -->
		<property name="hibernate.cache.provider_class">org.hibernate.cache.EhCacheProvider</property>
			
		<mapping resource="com/gzucm/volunteer/domain/userInfo.hbm.xml" />
		<mapping resource="com/gzucm/volunteer/domain/activity.hbm.xml" />
		<mapping resource="com/gzucm/volunteer/domain/admin.hbm.xml" />
		<mapping resource="com/gzucm/volunteer/domain/announce.hbm.xml" />
		<mapping resource="com/gzucm/volunteer/domain/checkActivity.hbm.xml" />
		<mapping resource="com/gzucm/volunteer/domain/applyActivity.hbm.xml" />
		<mapping resource="com/gzucm/volunteer/domain/checkOrg.hbm.xml" />
		<mapping resource="com/gzucm/volunteer/domain/city.hbm.xml" />
		<mapping resource="com/gzucm/volunteer/domain/information.hbm.xml" />
		<mapping resource="com/gzucm/volunteer/domain/org.hbm.xml" />
		<mapping resource="com/gzucm/volunteer/domain/province.hbm.xml" />
		<mapping resource="com/gzucm/volunteer/domain/systemDDL.hbm.xml" />
		<mapping resource="com/gzucm/volunteer/domain/user.hbm.xml" />
		<mapping resource="com/gzucm/volunteer/domain/collect.hbm.xml" />
	</session-factory>
</hibernate-configuration>
