<?xml version="1.0" encoding="UTF-8"?>
<!DOCTYPE generatorConfiguration
  PUBLIC "-//mybatis.org//DTD MyBatis Generator Configuration 1.0//EN"
  "http://mybatis.org/dtd/mybatis-generator-config_1_0.dtd">
<!--
详细说明请看：http://blog.csdn.net/tiantangpw/article/details/51690534
-->
<generatorConfiguration>

  <context id="mysqlgenerator" targetRuntime="MyBatis3">

    <jdbcConnection connectionURL="jdbc:mysql://127.0.0.1:3306/booksystem"
      driverClass="com.mysql.jdbc.Driver"
      password="hisen"
      userId="root"/>
    <!--生成Model(实体类，与数据库字段对应的bean)类存放位置-->
    <javaModelGenerator targetPackage="com.hisen.bean.entity" targetProject="src/main/java">
      <property name="enableSubPackages" value="true"/>
      <property name="trimStrings" value="true"/>
    </javaModelGenerator>
    <!--生成映射(xxxmapper.xml)文件存放位置-->
    <sqlMapGenerator targetPackage="mapper" targetProject="src/main/resources">
      <property name="enableSubPackages" value="true"/>
    </sqlMapGenerator>
    <!--生成Dao类存放位置-->
    <javaClientGenerator type="XMLMAPPER" targetPackage="com.hisen.dao"
      targetProject="src/main/java">
      <property name="enableSubPackages" value="true"/>
    </javaClientGenerator>

    <table tableName="appointment"/>
    <table tableName="user"/>

  </context>

</generatorConfiguration>