<?xml version="1.0" encoding="UTF-8" ?>
<!DOCTYPE mapper PUBLIC "-//mybatis.org//DTD Mapper 3.0//EN" "http://mybatis.org/dtd/mybatis-3-mapper.dtd" >
<mapper namespace="com.taoxiuxia.mapper.PayMethodMapper" >
  <resultMap id="BaseResultMap" type="com.taoxiuxia.model.PayMethod" >
    <id column="id" property="id" jdbcType="INTEGER" />
    <result column="user_id" property="userId" jdbcType="INTEGER" />
    <result column="name" property="name" jdbcType="VARCHAR" />
    <result column="is_count_in_this_month_ex" property="isCountInThisMonthEx" jdbcType="INTEGER" />
    <result column="in_or_ex" property="inOrEx" jdbcType="VARCHAR" />
    <result column="remark" property="remark" jdbcType="VARCHAR" />
    <result column="dele" property="dele" jdbcType="INTEGER" />
    <result column="sort" property="sort" jdbcType="INTEGER" />
  </resultMap>
  <sql id="Example_Where_Clause" >
    <where >
      <foreach collection="oredCriteria" item="criteria" separator="or" >
        <if test="criteria.valid" >
          <trim prefix="(" suffix=")" prefixOverrides="and" >
            <foreach collection="criteria.criteria" item="criterion" >
              <choose >
                <when test="criterion.noValue" >
                  and ${criterion.condition}
                </when>
                <when test="criterion.singleValue" >
                  and ${criterion.condition} #{criterion.value}
                </when>
                <when test="criterion.betweenValue" >
                  and ${criterion.condition} #{criterion.value} and #{criterion.secondValue}
                </when>
                <when test="criterion.listValue" >
                  and ${criterion.condition}
                  <foreach collection="criterion.value" item="listItem" open="(" close=")" separator="," >
                    #{listItem}
                  </foreach>
                </when>
              </choose>
            </foreach>
          </trim>
        </if>
      </foreach>
    </where>
  </sql>
  <sql id="Update_By_Example_Where_Clause" >
    <where >
      <foreach collection="example.oredCriteria" item="criteria" separator="or" >
        <if test="criteria.valid" >
          <trim prefix="(" suffix=")" prefixOverrides="and" >
            <foreach collection="criteria.criteria" item="criterion" >
              <choose >
                <when test="criterion.noValue" >
                  and ${criterion.condition}
                </when>
                <when test="criterion.singleValue" >
                  and ${criterion.condition} #{criterion.value}
                </when>
                <when test="criterion.betweenValue" >
                  and ${criterion.condition} #{criterion.value} and #{criterion.secondValue}
                </when>
                <when test="criterion.listValue" >
                  and ${criterion.condition}
                  <foreach collection="criterion.value" item="listItem" open="(" close=")" separator="," >
                    #{listItem}
                  </foreach>
                </when>
              </choose>
            </foreach>
          </trim>
        </if>
      </foreach>
    </where>
  </sql>
  <sql id="Base_Column_List" >
    id, user_id, name, is_count_in_this_month_ex, in_or_ex, remark, dele, sort
  </sql>
  
  <!-- 根据用户的id查找该用户设置的   收入 或 支出   方式 -->
  <select id="selectPayMethodsByUserId" resultMap="BaseResultMap" parameterType="Map" >
	SELECT
		*
	FROM
		pay_method
	WHERE
		user_id = #{userId,jdbcType=INTEGER}
	AND in_or_ex = #{inOrEx,jdbcType=VARCHAR}
	AND dele = 1
	ORDER BY
		sort
  </select>
  
  <!-- 修改PayMethod -->
  <update id="updateByPrimaryKeySelective" parameterType="com.taoxiuxia.model.PayMethod" >
    update pay_method
    <set >
      <if test="userId != null and userId != 0" >
        user_id = #{userId,jdbcType=INTEGER},
      </if>
      <if test="name != null" >
        name = #{name,jdbcType=VARCHAR},
      </if>
      <if test="isCountInThisMonthEx != null" >
        is_count_in_this_month_ex = #{isCountInThisMonthEx,jdbcType=INTEGER},
      </if>
      <if test="inOrEx != null" >
        in_or_ex = #{inOrEx,jdbcType=VARCHAR},
      </if>
      <if test="remark != null" >
        remark = #{remark,jdbcType=VARCHAR},
      </if>
      <if test="dele != null and dele != 0" >
        dele = #{dele,jdbcType=INTEGER},
      </if>
      <if test="sort != null and sort != 0" >
        sort = #{sort,jdbcType=INTEGER},
      </if>
    </set>
    where id = #{id,jdbcType=INTEGER}
  </update>
  
 <!--  <insert id="insert" useGeneratedKeys="true" keyProperty="id" parameterType="com.taoxiuxia.model.PayMethod" >
    insert into pay_method (user_id, name, is_count_in_this_month_ex, in_or_ex, remark, dele, sort)
    values (#{userId,jdbcType=INTEGER}, #{name,jdbcType=VARCHAR}, 
      #{isCountInThisMonthEx,jdbcType=INTEGER}, #{inOrEx,jdbcType=VARCHAR}, #{remark,jdbcType=VARCHAR}, 
      #{dele,jdbcType=INTEGER}, #{sort,jdbcType=INTEGER})
  </insert> -->
  
  <select id="insert" parameterMap="payMethodParaMap" statementType="CALLABLE">
    CALL insertPayMethod(?,?,?,?,?,?,?)
  </select>
    
  <parameterMap type="java.util.Map" id="payMethodParaMap">
     <parameter property="userId" mode="IN" jdbcType="INTEGER"/>
     <parameter property="name" mode="IN" jdbcType="VARCHAR"/>
     <parameter property="isCountInThisMonthEx" mode="IN" jdbcType="INTEGER"/>
     <parameter property="remark" mode="IN" jdbcType="VARCHAR"/>
     <parameter property="inOrEx" mode="IN" jdbcType="VARCHAR"/>
     <parameter property="dele" mode="IN" jdbcType="INTEGER"/>
     <parameter property="result" mode="OUT" jdbcType="INTEGER"/>
  </parameterMap>
  
  <!-- ================================================= -->
  
  <select id="selectByExample" resultMap="BaseResultMap" parameterType="com.taoxiuxia.model.PayMethodExample" >
    select
    <if test="distinct" >
      distinct
    </if>
    <include refid="Base_Column_List" />
    from pay_method
    <if test="_parameter != null" >
      <include refid="Example_Where_Clause" />
    </if>
    <if test="orderByClause != null" >
      order by ${orderByClause}
    </if>
  </select>
  <select id="selectByPrimaryKey" resultMap="BaseResultMap" parameterType="java.lang.Integer" >
    select 
    <include refid="Base_Column_List" />
    from pay_method
    where id = #{id,jdbcType=INTEGER}
  </select>
  <delete id="deleteByPrimaryKey" parameterType="java.lang.Integer" >
    delete from pay_method
    where id = #{id,jdbcType=INTEGER}
  </delete>
  <delete id="deleteByExample" parameterType="com.taoxiuxia.model.PayMethodExample" >
    delete from pay_method
    <if test="_parameter != null" >
      <include refid="Example_Where_Clause" />
    </if>
  </delete>
  
  <insert id="insertSelective" parameterType="com.taoxiuxia.model.PayMethod" >
    insert into pay_method
    <trim prefix="(" suffix=")" suffixOverrides="," >
      <if test="id != null" >
        id,
      </if>
      <if test="userId != null" >
        user_id,
      </if>
      <if test="name != null" >
        name,
      </if>
      <if test="isCountInThisMonthEx != null" >
        is_count_in_this_month_ex,
      </if>
      <if test="inOrEx != null" >
        in_or_ex,
      </if>
      <if test="remark != null" >
        remark,
      </if>
      <if test="dele != null" >
        dele,
      </if>
      <if test="sort != null" >
        sort,
      </if>
    </trim>
    <trim prefix="values (" suffix=")" suffixOverrides="," >
      <if test="id != null" >
        #{id,jdbcType=INTEGER},
      </if>
      <if test="userId != null" >
        #{userId,jdbcType=INTEGER},
      </if>
      <if test="name != null" >
        #{name,jdbcType=VARCHAR},
      </if>
      <if test="isCountInThisMonthEx != null" >
        #{isCountInThisMonthEx,jdbcType=INTEGER},
      </if>
      <if test="inOrEx != null" >
        #{inOrEx,jdbcType=VARCHAR},
      </if>
      <if test="remark != null" >
        #{remark,jdbcType=VARCHAR},
      </if>
      <if test="dele != null" >
        #{dele,jdbcType=INTEGER},
      </if>
      <if test="sort != null" >
        #{sort,jdbcType=INTEGER},
      </if>
    </trim>
  </insert>
  <select id="countByExample" parameterType="com.taoxiuxia.model.PayMethodExample" resultType="java.lang.Integer" >
    select count(*) from pay_method
    <if test="_parameter != null" >
      <include refid="Example_Where_Clause" />
    </if>
  </select>
  <update id="updateByExampleSelective" parameterType="map" >
    update pay_method
    <set >
      <if test="record.id != null" >
        id = #{record.id,jdbcType=INTEGER},
      </if>
      <if test="record.userId != null" >
        user_id = #{record.userId,jdbcType=INTEGER},
      </if>
      <if test="record.name != null" >
        name = #{record.name,jdbcType=VARCHAR},
      </if>
      <if test="record.isCountInThisMonthEx != null" >
        is_count_in_this_month_ex = #{record.isCountInThisMonthEx,jdbcType=INTEGER},
      </if>
      <if test="record.inOrEx != null" >
        in_or_ex = #{record.inOrEx,jdbcType=VARCHAR},
      </if>
      <if test="record.remark != null" >
        remark = #{record.remark,jdbcType=VARCHAR},
      </if>
      <if test="record.dele != null" >
        dele = #{record.dele,jdbcType=INTEGER},
      </if>
      <if test="record.sort != null" >
        sort = #{record.sort,jdbcType=INTEGER},
      </if>
    </set>
    <if test="_parameter != null" >
      <include refid="Update_By_Example_Where_Clause" />
    </if>
  </update>
  <update id="updateByExample" parameterType="map" >
    update pay_method
    set id = #{record.id,jdbcType=INTEGER},
      user_id = #{record.userId,jdbcType=INTEGER},
      name = #{record.name,jdbcType=VARCHAR},
      is_count_in_this_month_ex = #{record.isCountInThisMonthEx,jdbcType=INTEGER},
      in_or_ex = #{record.inOrEx,jdbcType=VARCHAR},
      remark = #{record.remark,jdbcType=VARCHAR},
      dele = #{record.dele,jdbcType=INTEGER},
      sort = #{record.sort,jdbcType=INTEGER}
    <if test="_parameter != null" >
      <include refid="Update_By_Example_Where_Clause" />
    </if>
  </update>
  
  <update id="updateByPrimaryKey" parameterType="com.taoxiuxia.model.PayMethod" >
    update pay_method
    set user_id = #{userId,jdbcType=INTEGER},
      name = #{name,jdbcType=VARCHAR},
      is_count_in_this_month_ex = #{isCountInThisMonthEx,jdbcType=INTEGER},
      in_or_ex = #{inOrEx,jdbcType=VARCHAR},
      remark = #{remark,jdbcType=VARCHAR},
      dele = #{dele,jdbcType=INTEGER},
      sort = #{sort,jdbcType=INTEGER}
    where id = #{id,jdbcType=INTEGER}
  </update>
</mapper>